{
  "alias" : "Modelo_Terrreiro_do_Paço.001_Modelo_Terrreiro_do_Paço.001_Modelo_Terrreiro_do_Paço",
  "vertices" : [-97.185257,-5.1e-05,130.284439,-97.205383,-6.3e-05,-144.376328,105.205383,6.3e-05,130.269608,105.185257,5.1e-05,-144.391159],
  "indices" : [1,0,2,1,2,3],
  "Ns" : 225.00000,
  "Ka" : [1.00000,1.00000,1.00000],
  "Kd" : [0.80000,0.80000,0.80000],
  "Ks" : [0.50000,0.50000,0.50000],
  "Ni" : 1.45000,
  "d" : 1.00000,
  "illum" : 2
}