{
  "alias" : "Cap17_Cap17__9",
  "vertices" : [0.330704,2.147,-0.25774,0.330704,2.147,-0.27074,0.327704,2.155,-0.26074,0.330704,2.147,-0.27074,0.330704,2.147,-0.25774,0.330704,2.143,-0.27074,0.330704,2.143,-0.25774,0.330704,2.143,-0.25774,0.330704,2.143,-0.27074,0.331704,2.143,-0.25674,0.331704,2.143,-0.27174,0.317704,2.143,-0.27074,0.316704,2.143,-0.27174,0.316704,2.143,-0.25674,0.317704,2.143,-0.25774,0.330704,2.143,-0.25774,0.330704,2.147,-0.25774,0.317704,2.143,-0.25774,0.317704,2.147,-0.25774,0.317704,2.147,-0.25774,0.317704,2.147,-0.27074,0.317704,2.143,-0.25774,0.317704,2.147,-0.27074,0.317704,2.147,-0.25774,0.320704,2.155,-0.26774,0.320704,2.155,-0.26074,0.324204,2.158,-0.26424,0.320704,2.155,-0.26774,0.320704,2.155,-0.26074,0.327704,2.155,-0.26774,0.320704,2.155,-0.26774,0.324204,2.158,-0.26424,0.320704,2.155,-0.26774,0.327704,2.155,-0.26774,0.317704,2.147,-0.27074,0.330704,2.147,-0.27074,0.330704,2.147,-0.27074,0.330704,2.143,-0.27074,0.317704,2.147,-0.27074,0.317704,2.143,-0.27074,0.317704,2.143,-0.27074,0.327704,2.155,-0.26774,0.327704,2.155,-0.26774,0.324204,2.158,-0.26424,0.327704,2.155,-0.26074,0.324204,2.158,-0.26424,0.320704,2.155,-0.26074,0.327704,2.155,-0.26074,0.320704,2.155,-0.26074,0.317704,2.147,-0.25774,0.327704,2.155,-0.26074,0.330704,2.147,-0.25774],
  "indices" : [0,1,2,3,4,5,6,5,4,15,16,17,18,17,16,19,20,21,22,23,24,25,24,23,26,27,28,29,30,31,32,33,34,35,34,33,36,37,38,39,38,37,40,21,20,41,2,1,42,43,44,45,46,47,48,49,50,51,50,49],
  "Ni" : 1.00000,
  "Ka" : [1.00000,1.00000,1.00000],
  "d" : 1.00000,
  "Kd" : [0.77490,0.73412,0.59608],
  "illum" : 2,
  "Ks" : [0.16471,0.16471,0.16471],
  "Ns" : 96.07843
}