{
  "alias" : "Mesh224_Mesh224_Color_06",
  "vertices" : [0.292971,2.325,-0.62524,0.292971,2.322,-0.62524,0.292971,2.325,-0.75799,0.292971,2.322,-0.75799,0.292971,2.322,-0.75799,0.292971,2.322,-0.62524,0.289971,2.322,-0.75799,0.289971,2.322,-0.62524,0.289971,2.322,-0.75799,0.289971,2.322,-0.62524,0.289971,2.325,-0.75799,0.289971,2.325,-0.62524,0.289971,2.325,-0.62524,0.292971,2.325,-0.62524,0.289971,2.325,-0.75799,0.292971,2.325,-0.75799],
  "indices" : [0,1,2,3,2,1,4,5,6,7,6,5,8,9,10,11,10,9,12,13,14,15,14,13],
  "Ni" : 1.00000,
  "Ka" : [1.00000,1.00000,1.00000],
  "d" : 1.00000,
  "Kd" : [0.44549,0.44549,0.44549],
  "illum" : 2,
  "Ks" : [0.16471,0.16471,0.16471],
  "Ns" : 96.07843
}