{
  "alias" : "Cap58_Cap58_Color_00",
  "vertices" : [1.496238,2.147,-0.98974,1.496238,2.147,-0.97674,1.499238,2.155,-0.98674,1.496238,2.147,-0.97674,1.496238,2.147,-0.98974,1.496238,2.143,-0.97674,1.496238,2.143,-0.98974,1.496238,2.143,-0.98974,1.496238,2.143,-0.97674,1.495238,2.143,-0.99074,1.495238,2.143,-0.97574,1.509238,2.143,-0.97674,1.510238,2.143,-0.97574,1.510238,2.143,-0.99074,1.509238,2.143,-0.98974,1.496238,2.143,-0.98974,1.496238,2.147,-0.98974,1.509238,2.143,-0.98974,1.509238,2.147,-0.98974,1.509238,2.147,-0.98974,1.509238,2.147,-0.97674,1.509238,2.143,-0.98974,1.509238,2.147,-0.97674,1.509238,2.147,-0.98974,1.506238,2.155,-0.97974,1.506238,2.155,-0.98674,1.502738,2.158,-0.98324,1.506238,2.155,-0.97974,1.506238,2.155,-0.98674,1.499238,2.155,-0.97974,1.506238,2.155,-0.97974,1.502738,2.158,-0.98324,1.506238,2.155,-0.97974,1.499238,2.155,-0.97974,1.509238,2.147,-0.97674,1.496238,2.147,-0.97674,1.496238,2.147,-0.97674,1.496238,2.143,-0.97674,1.509238,2.147,-0.97674,1.509238,2.143,-0.97674,1.509238,2.143,-0.97674,1.499238,2.155,-0.97974,1.499238,2.155,-0.97974,1.502738,2.158,-0.98324,1.499238,2.155,-0.98674,1.502738,2.158,-0.98324,1.506238,2.155,-0.98674,1.499238,2.155,-0.98674,1.506238,2.155,-0.98674,1.509238,2.147,-0.98974,1.499238,2.155,-0.98674,1.496238,2.147,-0.98974],
  "indices" : [7,8,9,9,8,10,11,10,8,10,11,12,13,12,11,14,13,11,7,13,14,13,7,9],
  "Ni" : 1.00000,
  "Ka" : [1.00000,1.00000,1.00000],
  "d" : 1.00000,
  "Kd" : [0.41387,0.41387,0.41387],
  "illum" : 2,
  "Ks" : [0.16471,0.16471,0.16471],
  "Ns" : 96.07843
}