{
  "alias" : "DoorKnob11_DoorKnob11_Color_02",
  "vertices" : [1.573971,1.896181,-0.636949,1.573971,1.895356,-0.636244,1.573971,1.897246,-0.636743,1.573971,1.896181,-0.636949,1.575171,1.896181,-0.636949,1.573971,1.895356,-0.636244,1.575171,1.896181,-0.636949,1.573971,1.896181,-0.636949,1.575171,1.897246,-0.636743,1.573971,1.897246,-0.636743,1.573971,1.897246,-0.636743,1.573971,1.897749,-0.635782,1.575171,1.897246,-0.636743,1.573971,1.897749,-0.635782,1.573971,1.896749,-0.636075,1.573971,1.896394,-0.636144,1.573971,1.896118,-0.635909,1.573971,1.895393,-0.63516,1.573971,1.89613,-0.635546,1.573971,1.896118,-0.635909,1.573971,1.89613,-0.635546,1.573471,1.896118,-0.635909,1.573471,1.89613,-0.635546,1.573471,1.89613,-0.635546,1.573971,1.89613,-0.635546,1.573471,1.896421,-0.63533,1.573971,1.896421,-0.63533,1.573471,1.896421,-0.63533,1.573971,1.896421,-0.63533,1.573471,1.896771,-0.635423,1.573971,1.896771,-0.635423,1.573971,1.896771,-0.635423,1.573971,1.896917,-0.635754,1.573471,1.896771,-0.635423,1.573971,1.896771,-0.635423,1.573971,1.897312,-0.634789,1.573971,1.896917,-0.635754,1.573971,1.896421,-0.63533,1.573971,1.896263,-0.634513,1.573971,1.896263,-0.634513,1.575171,1.896263,-0.634513,1.573971,1.897312,-0.634789,1.575171,1.896263,-0.634513,1.573971,1.896263,-0.634513,1.575171,1.895393,-0.63516,1.573971,1.895393,-0.63516,1.573971,1.895393,-0.63516,1.573971,1.895356,-0.636244,1.575171,1.895393,-0.63516,1.575171,1.895356,-0.636244,1.575171,1.895393,-0.63516,1.575171,1.895356,-0.636244,1.575171,1.897749,-0.635782,1.575171,1.897246,-0.636743,1.575171,1.896181,-0.636949,1.575171,1.895356,-0.636244,1.575171,1.897749,-0.635782,1.573971,1.897749,-0.635782,1.573971,1.897312,-0.634789,1.575171,1.897749,-0.635782,1.573971,1.896917,-0.635754,1.573971,1.896749,-0.636075,1.573471,1.896917,-0.635754,1.573471,1.896749,-0.636075,1.573471,1.896749,-0.636075,1.573971,1.896749,-0.636075,1.573471,1.896394,-0.636144,1.573971,1.896394,-0.636144,1.573471,1.896394,-0.636144,1.573971,1.896394,-0.636144,1.573471,1.896118,-0.635909,1.573971,1.896118,-0.635909,1.573471,1.896917,-0.635754,1.575171,1.897312,-0.634789,1.575171,1.897312,-0.634789,1.575171,1.896263,-0.634513,1.575171,1.897312,-0.634789],
  "indices" : [0,1,2,3,4,5,6,7,8,9,8,7,10,11,12,13,2,14,14,2,15,15,2,1,15,1,16,17,16,1,18,16,17,19,20,21,22,21,20,23,24,25,26,25,24,27,28,29,30,29,28,31,32,33,34,35,36,37,35,34,17,35,37,38,35,17,39,40,41,42,43,44,45,44,43,46,47,48,49,48,47,50,51,52,52,51,53,54,53,51,55,5,4,56,12,11,57,58,59,35,13,36,36,13,14,60,61,62,63,62,61,64,65,66,67,66,65,68,69,70,71,70,69,72,33,32,73,59,58,74,50,52,75,50,74,76,41,40,37,18,17],
  "Ni" : 1.00000,
  "Ka" : [1.00000,1.00000,1.00000],
  "d" : 1.00000,
  "Kd" : [0.09412,0.09412,0.09412],
  "illum" : 2,
  "Ks" : [0.16471,0.16471,0.16471],
  "Ns" : 96.07843
}