{
  "alias" : "Door_Fro07_Door_Fro07_Color_02",
  "vertices" : [1.573471,1.862,-0.63874,1.573471,1.917,-0.61374,1.573471,1.862,-0.60874,1.573471,1.8915,-0.63424,1.573471,1.8985,-0.63424,1.573471,1.8985,-0.63724,1.573471,1.917,-0.63374,1.573471,1.942,-0.63874,1.573471,1.8915,-0.63724,1.573471,1.896394,-0.636144,1.573471,1.896749,-0.636075,1.573471,1.896917,-0.635754,1.573471,1.896771,-0.635423,1.573471,1.896421,-0.63533,1.573471,1.89613,-0.635546,1.573471,1.896118,-0.635909,1.573471,1.9265,-0.63374,1.573471,1.9265,-0.63374,1.573471,1.9265,-0.62424,1.573471,1.917,-0.63374,1.573471,1.9275,-0.61374,1.573471,1.9265,-0.62424,1.573471,1.9275,-0.63374,1.573471,1.937,-0.63374,1.573471,1.937,-0.63374,1.573471,1.937,-0.62424,1.573471,1.9275,-0.63374,1.573471,1.942,-0.60874,1.573471,1.937,-0.62424,1.573471,1.937,-0.62324,1.573471,1.937,-0.61374,1.573471,1.9265,-0.61374,1.573471,1.917,-0.61374,1.573471,1.917,-0.62324,1.573471,1.9265,-0.61374,1.573471,1.917,-0.62324,1.573471,1.917,-0.62424,1.573471,1.9265,-0.62324,1.573471,1.9265,-0.62324,1.573471,1.917,-0.62424,1.573471,1.9275,-0.61374,1.573471,1.9275,-0.62324,1.573471,1.937,-0.61374,1.573471,1.9275,-0.62324,1.573471,1.9275,-0.62424,1.573471,1.9275,-0.62424,1.573471,1.937,-0.62324],
  "indices" : [5,9,8,10,9,5,11,10,5,4,11,5,11,4,12,12,4,13,13,4,8,3,8,4,14,13,8,15,14,8,15,8,9],
  "Ni" : 1.00000,
  "Ka" : [1.00000,1.00000,1.00000],
  "d" : 1.00000,
  "Kd" : [0.09412,0.09412,0.09412],
  "illum" : 2,
  "Ks" : [0.16471,0.16471,0.16471],
  "Ns" : 96.07843
}