{
  "alias" : "Arch_1_1_Arch_1_1_Color_03",
  "vertices" : [0.408371,2.088,-0.27174,0.408371,2.084,-0.27174,0.408371,2.088,-0.26924,0.408371,2.088,-0.27174,0.423371,2.088,-0.27174,0.408371,2.084,-0.27174,0.423371,2.0895,-0.27174,0.408371,2.0895,-0.27174,0.423371,2.0895,-0.27174,0.408371,2.0895,-0.27174,0.423371,2.143,-0.27174,0.408371,2.143,-0.27174,0.408371,2.0895,-0.27174,0.408371,2.132,-0.27074,0.408371,2.143,-0.27174,0.408371,2.126,-0.27074,0.408371,2.0895,-0.26924,0.408371,2.126,-0.26924,0.408371,2.0895,-0.27174,0.408371,2.0895,-0.26924,0.408371,2.143,-0.25674,0.408371,2.134,-0.26449,0.408371,2.132,-0.25824,0.408371,2.126,-0.25824,0.408371,2.040483,-0.25824,0.408371,2.036,-0.25824,0.408371,1.8675,-0.25674,0.408371,1.901,-0.25874,0.408371,1.904,-0.25874,0.408371,2.036,-0.26074,0.408371,1.904,-0.26074,0.408371,1.8675,-0.26074,0.408371,1.901,-0.26074,0.408371,1.8675,-0.26074,0.408371,1.866,-0.26074,0.408371,1.8675,-0.25674,0.408371,1.866,-0.25674,0.408371,1.866,-0.25674,0.423371,1.866,-0.25674,0.408371,1.8675,-0.25674,0.423371,1.862,-0.25674,0.408371,1.862,-0.25674,0.408371,1.862,-0.25674,0.408371,1.862,-0.26074,0.423371,1.866,-0.25674,0.423371,1.862,-0.25674,0.423371,1.866,-0.26074,0.423371,1.862,-0.26074,0.423371,1.8675,-0.26074,0.423371,1.8675,-0.25674,0.423371,1.8675,-0.25674,0.408371,1.8675,-0.25674,0.423371,1.8675,-0.25674,0.408371,2.143,-0.25674,0.423371,2.143,-0.25674,0.423371,1.8675,-0.25674,0.423371,2.036,-0.25824,0.423371,2.143,-0.25674,0.423371,1.904,-0.25874,0.423371,1.901,-0.25874,0.423371,1.901,-0.26074,0.423371,1.8675,-0.26074,0.423371,2.036,-0.26074,0.423371,1.904,-0.26074,0.423371,2.040483,-0.25824,0.423371,2.126,-0.25824,0.423371,2.040483,-0.25974,0.423371,2.126,-0.25974,0.423371,2.132,-0.25824,0.423371,2.134,-0.26449,0.423371,2.132,-0.27074,0.423371,2.143,-0.27174,0.423371,2.126,-0.27074,0.423371,2.0895,-0.26924,0.423371,2.126,-0.26924,0.423371,2.0895,-0.27174,0.423371,2.0895,-0.26924,0.423371,2.088,-0.26924,0.423371,2.0895,-0.27174,0.423371,2.088,-0.27174,0.423371,2.084,-0.26924,0.423371,2.084,-0.27174,0.423371,2.084,-0.27174,0.408371,2.040483,-0.25974,0.408371,2.126,-0.25974,0.408371,2.084,-0.26924],
  "indices" : [0,1,2,3,4,5,4,3,6,7,6,3,18,0,19,0,2,19,33,34,35,36,35,34,37,38,39,38,37,40,41,40,37,42,36,43,34,43,36,44,45,46,47,46,45,46,48,44,49,44,48,50,39,38,76,77,78,79,78,77,77,80,79,81,79,80,82,5,4,85,2,1],
  "Ni" : 1.00000,
  "Ka" : [1.00000,1.00000,1.00000],
  "d" : 1.00000,
  "Kd" : [0.53333,0.53333,0.53333],
  "illum" : 2,
  "Ks" : [0.16471,0.16471,0.16471],
  "Ns" : 96.07843
}