{
  "alias" : "Mesh204_Mesh204_Foregrou",
  "vertices" : [1.576471,1.862,-0.598364,1.576471,1.862,-0.598404,1.580471,1.862,-0.598404,1.580471,1.862,-0.598404,1.580471,1.862,-0.598364],
  "indices" : [0,1,2,0,3,4],
  "Ni" : 1.00000,
  "Ka" : [1.00000,1.00000,1.00000],
  "d" : 1.00000,
  "Kd" : [0.00000,0.00000,0.00000],
  "illum" : 2,
  "Ks" : [0.16471,0.16471,0.16471],
  "Ns" : 96.07843
}