{
  "alias" : "Arch7_Arch7_Color_03",
  "vertices" : [1.565471,2.199,-0.598518,1.566471,2.188,-0.598518,1.565471,2.0895,-0.598518,1.580471,2.199,-0.598518,1.572721,2.19,-0.598518,1.578971,2.188,-0.598518,1.578971,2.182,-0.598518,1.578971,2.040483,-0.598518,1.578971,2.036,-0.598518,1.580471,1.904,-0.598518,1.576471,1.904,-0.598518,1.576471,2.036,-0.598518,1.580471,2.199,-0.598518,1.580471,1.904,-0.583518,1.580471,1.904,-0.598518,1.580471,2.199,-0.583518,1.580471,2.199,-0.583518,1.578971,2.036,-0.583518,1.580471,1.904,-0.583518,1.578971,2.040483,-0.583518,1.578971,2.182,-0.583518,1.578971,2.188,-0.583518,1.572721,2.19,-0.583518,1.566471,2.188,-0.583518,1.565471,2.199,-0.583518,1.566471,2.182,-0.583518,1.567971,2.0895,-0.583518,1.565471,2.0895,-0.583518,1.565471,2.199,-0.598518,1.565471,2.0895,-0.583518,1.565471,2.199,-0.583518,1.565471,2.0895,-0.598518,1.565471,2.0895,-0.598518,1.565471,2.088,-0.583518,1.565471,2.0895,-0.583518,1.565471,2.088,-0.598518,1.567971,2.0895,-0.598518,1.565471,2.088,-0.598518,1.565471,2.0895,-0.598518,1.567971,2.088,-0.598518,1.565471,2.084,-0.598518,1.567971,2.084,-0.598518,1.565471,2.084,-0.583518,1.565471,2.084,-0.598518,1.567971,2.084,-0.583518,1.565471,2.088,-0.583518,1.565471,2.084,-0.583518,1.567971,2.088,-0.583518,1.565471,2.0895,-0.583518,1.567971,2.0895,-0.583518,1.566471,2.182,-0.598518,1.567971,2.0895,-0.598518,1.567971,2.182,-0.598518,1.567971,2.182,-0.583518,1.577471,2.040483,-0.583518,1.577471,2.182,-0.583518,1.576471,2.036,-0.583518,1.576471,1.904,-0.583518,1.577471,2.040483,-0.598518,1.577471,2.182,-0.598518],
  "indices" : [32,33,34,33,32,35,36,37,38,37,36,39,39,40,37,40,39,41,42,35,43,35,42,33,44,45,46,45,44,47,47,48,45,48,47,49],
  "Ni" : 1.00000,
  "Ka" : [1.00000,1.00000,1.00000],
  "d" : 1.00000,
  "Kd" : [0.53333,0.53333,0.53333],
  "illum" : 2,
  "Ks" : [0.16471,0.16471,0.16471],
  "Ns" : 96.07843
}