{
  "alias" : "Cap60_Cap60_Color_00",
  "vertices" : [0.257471,2.211,-0.659962,0.260471,2.203,-0.649962,0.260471,2.203,-0.662962,0.257471,2.211,-0.652962,0.257471,2.211,-0.659962,0.253971,2.214,-0.656462,0.257471,2.211,-0.652962,0.257471,2.211,-0.659962,0.250471,2.211,-0.659962,0.253971,2.214,-0.656462,0.257471,2.211,-0.659962,0.247471,2.203,-0.662962,0.250471,2.211,-0.659962,0.260471,2.203,-0.662962,0.260471,2.203,-0.662962,0.247471,2.199,-0.662962,0.247471,2.203,-0.662962,0.260471,2.199,-0.662962,0.260471,2.203,-0.662962,0.260471,2.199,-0.649962,0.260471,2.199,-0.662962,0.260471,2.203,-0.649962,0.247471,2.203,-0.649962,0.260471,2.199,-0.649962,0.260471,2.203,-0.649962,0.247471,2.199,-0.649962,0.247471,2.203,-0.649962,0.247471,2.199,-0.662962,0.247471,2.199,-0.649962,0.247471,2.203,-0.662962,0.250471,2.211,-0.652962,0.247471,2.203,-0.662962,0.247471,2.203,-0.649962,0.250471,2.211,-0.659962,0.250471,2.211,-0.659962,0.250471,2.211,-0.652962,0.253971,2.214,-0.656462,0.253971,2.214,-0.656462,0.250471,2.211,-0.652962,0.257471,2.211,-0.652962,0.247471,2.203,-0.649962,0.257471,2.211,-0.652962,0.250471,2.211,-0.652962,0.260471,2.203,-0.649962,0.247471,2.199,-0.649962,0.246471,2.199,-0.663962,0.247471,2.199,-0.662962,0.246471,2.199,-0.648962,0.261471,2.199,-0.648962,0.260471,2.199,-0.649962,0.261471,2.199,-0.663962,0.260471,2.199,-0.662962],
  "indices" : [44,45,46,44,47,45,47,44,48,49,48,44,48,49,50,50,49,51,50,51,45,46,45,51],
  "Ni" : 1.00000,
  "Ka" : [1.00000,1.00000,1.00000],
  "d" : 1.00000,
  "Kd" : [0.41387,0.41387,0.41387],
  "illum" : 2,
  "Ks" : [0.16471,0.16471,0.16471],
  "Ns" : 96.07843
}