{
  "alias" : "Mesh647_Mesh647__4",
  "vertices" : [1.545471,0.376,-0.07174,1.539471,0.376,-0.07074,1.539471,0.376,-0.07174,1.545471,0.376,-0.07074,1.545471,0.384,-0.07074,1.539471,0.376,-0.07074,1.545471,0.376,-0.07074,1.539471,0.384,-0.07074,1.545471,0.384,-0.07074,1.539471,0.384,-0.06474,1.539471,0.384,-0.07074,1.545471,0.384,-0.06474],
  "indices" : [0,1,2,1,0,3,4,5,6,5,4,7,8,9,10,9,8,11],
  "Ni" : 1.00000,
  "Ka" : [1.00000,1.00000,1.00000],
  "d" : 1.00000,
  "Kd" : [0.74039,0.66196,0.50510],
  "illum" : 2,
  "Ks" : [0.16471,0.16471,0.16471],
  "Ns" : 96.07843
}