{
  "alias" : "Mesh296_Mesh296_Color_06",
  "vertices" : [1.183471,2.255,-0.30324,1.183471,2.252,-0.30324,1.050721,2.255,-0.30324,1.050721,2.252,-0.30324,1.050721,2.252,-0.30324,1.183471,2.252,-0.30324,1.050721,2.252,-0.30174,1.183471,2.252,-0.30174,1.050721,2.252,-0.30024,1.183471,2.252,-0.30024,1.050721,2.252,-0.30024,1.183471,2.252,-0.30024,1.050721,2.255,-0.30024,1.183471,2.255,-0.30024,1.183471,2.255,-0.30024,1.183471,2.255,-0.30324,1.050721,2.255,-0.30024,1.050721,2.255,-0.30324],
  "indices" : [0,1,2,3,2,1,4,5,6,5,7,6,6,7,8,9,8,7,10,11,12,13,12,11,14,15,16,17,16,15],
  "Ni" : 1.00000,
  "Ka" : [1.00000,1.00000,1.00000],
  "d" : 1.00000,
  "Kd" : [0.44549,0.44549,0.44549],
  "illum" : 2,
  "Ks" : [0.16471,0.16471,0.16471],
  "Ns" : 96.07843
}