{
  "alias" : "Cap43_Cap43_Color_00",
  "vertices" : [1.749471,1.927,-0.881296,1.759471,1.919,-0.884296,1.746471,1.919,-0.884296,1.756471,1.927,-0.881296,1.749471,1.927,-0.881296,1.752971,1.93,-0.877796,1.756471,1.927,-0.881296,1.749471,1.927,-0.881296,1.749471,1.927,-0.874296,1.752971,1.93,-0.877796,1.749471,1.927,-0.881296,1.746471,1.919,-0.871296,1.749471,1.927,-0.874296,1.746471,1.919,-0.884296,1.746471,1.919,-0.884296,1.746471,1.915,-0.871296,1.746471,1.919,-0.871296,1.746471,1.915,-0.884296,1.746471,1.919,-0.884296,1.759471,1.915,-0.884296,1.746471,1.915,-0.884296,1.759471,1.919,-0.884296,1.759471,1.919,-0.871296,1.759471,1.915,-0.884296,1.759471,1.919,-0.884296,1.759471,1.915,-0.871296,1.759471,1.919,-0.871296,1.746471,1.915,-0.871296,1.759471,1.915,-0.871296,1.746471,1.919,-0.871296,1.756471,1.927,-0.874296,1.746471,1.919,-0.871296,1.759471,1.919,-0.871296,1.749471,1.927,-0.874296,1.749471,1.927,-0.874296,1.756471,1.927,-0.874296,1.752971,1.93,-0.877796,1.752971,1.93,-0.877796,1.756471,1.927,-0.874296,1.756471,1.927,-0.881296,1.759471,1.919,-0.871296,1.756471,1.927,-0.881296,1.756471,1.927,-0.874296,1.759471,1.919,-0.884296,1.759471,1.915,-0.871296,1.745471,1.915,-0.870296,1.746471,1.915,-0.871296,1.760471,1.915,-0.870296,1.760471,1.915,-0.885296,1.759471,1.915,-0.884296,1.745471,1.915,-0.885296,1.746471,1.915,-0.884296],
  "indices" : [44,45,46,44,47,45,47,44,48,49,48,44,48,49,50,50,49,51,50,51,45,46,45,51],
  "Ni" : 1.00000,
  "Ka" : [1.00000,1.00000,1.00000],
  "d" : 1.00000,
  "Kd" : [0.41387,0.41387,0.41387],
  "illum" : 2,
  "Ks" : [0.16471,0.16471,0.16471],
  "Ns" : 96.07843
}