{
  "alias" : "Cap_II1_Cap_II1__9",
  "vertices" : [0.101471,1.915,-0.493073,0.063471,1.915,-0.495073,0.061471,1.915,-0.493073,0.099471,1.915,-0.495073,0.101471,1.915,-0.533073,0.099471,1.915,-0.531073,0.099471,1.915,-0.495073,0.099471,1.915,-0.531073,0.099471,1.931,-0.495073,0.099471,1.931,-0.531073,0.099471,1.931,-0.495073,0.099471,1.931,-0.531073,0.091471,1.951,-0.503073,0.091471,1.951,-0.523073,0.081471,1.957,-0.513073,0.091471,1.951,-0.503073,0.091471,1.951,-0.523073,0.071471,1.951,-0.503073,0.091471,1.951,-0.503073,0.081471,1.957,-0.513073,0.091471,1.951,-0.503073,0.071471,1.951,-0.503073,0.099471,1.931,-0.495073,0.063471,1.931,-0.495073,0.063471,1.931,-0.495073,0.063471,1.915,-0.495073,0.099471,1.931,-0.495073,0.063471,1.931,-0.495073,0.063471,1.931,-0.531073,0.063471,1.915,-0.495073,0.063471,1.931,-0.531073,0.063471,1.931,-0.495073,0.071471,1.951,-0.523073,0.071471,1.951,-0.503073,0.071471,1.951,-0.503073,0.081471,1.957,-0.513073,0.071471,1.951,-0.523073,0.071471,1.951,-0.523073,0.081471,1.957,-0.513073,0.091471,1.951,-0.523073,0.091471,1.951,-0.523073,0.099471,1.931,-0.531073,0.071471,1.951,-0.523073,0.063471,1.931,-0.531073,0.099471,1.931,-0.531073,0.099471,1.915,-0.531073,0.063471,1.931,-0.531073,0.063471,1.915,-0.531073,0.063471,1.915,-0.531073,0.063471,1.915,-0.531073,0.061471,1.915,-0.533073,0.101471,1.915,-0.533073,0.067971,1.904,-0.533073,0.061471,1.915,-0.533073,0.074221,1.906,-0.533073,0.080471,1.904,-0.533073,0.101471,1.8675,-0.533073,0.080471,1.898,-0.533073,0.078971,1.898,-0.533073,0.078971,1.8675,-0.533073,0.101471,1.8675,-0.533073,0.101471,1.866,-0.533073,0.078971,1.8675,-0.533073,0.101471,1.8675,-0.533073,0.101471,1.8675,-0.493073,0.101471,1.866,-0.533073,0.101471,1.8675,-0.493073,0.101471,1.8675,-0.533073,0.101471,1.915,-0.493073,0.101471,1.915,-0.533073,0.080471,1.898,-0.493073,0.080471,1.904,-0.493073,0.074221,1.906,-0.493073,0.067971,1.904,-0.493073,0.061471,1.904,-0.493073,0.061471,1.915,-0.493073,0.061471,1.904,-0.533073,0.061471,1.746,-0.493073,0.061471,1.746,-0.533073,0.078971,1.8675,-0.493073,0.078971,1.898,-0.493073,0.078971,1.8675,-0.493073,0.078971,1.866,-0.493073,0.101471,1.8675,-0.493073,0.101471,1.866,-0.493073,0.101471,1.866,-0.493073,0.101471,1.862,-0.533073,0.101471,1.862,-0.493073,0.101471,1.862,-0.493073,0.078971,1.862,-0.493073,0.101471,1.862,-0.533073,0.078971,1.866,-0.533073,0.078971,1.862,-0.533073,0.099471,1.915,-0.495073],
  "indices" : [6,7,8,9,8,7,10,11,12,13,12,11,14,15,16,17,18,19,20,21,22,23,22,21,24,25,26,27,28,29,30,31,32,33,32,31,34,35,36,37,38,39,40,41,42,43,42,41,44,45,46,47,46,45,48,29,28,93,26,25],
  "Ni" : 1.00000,
  "Ka" : [1.00000,1.00000,1.00000],
  "d" : 1.00000,
  "Kd" : [0.77490,0.73412,0.59608],
  "illum" : 2,
  "Ks" : [0.16471,0.16471,0.16471],
  "Ns" : 96.07843
}