{
  "alias" : "Mesh395_Mesh395_Foregrou",
  "vertices" : [0.532491,1.833,-1.08024,0.532451,1.833,-1.08024,0.532451,1.833,-1.08424,0.532451,1.833,-1.08424,0.532491,1.833,-1.08424,0.532471,1.833,-1.08025,0.532471,1.833,-1.08023,0.530471,1.833,-1.08023,0.530471,1.833,-1.08023,0.530471,1.833,-1.08025],
  "indices" : [0,1,2,0,3,4,5,6,7,8,9,5],
  "Ni" : 1.00000,
  "Ka" : [1.00000,1.00000,1.00000],
  "d" : 1.00000,
  "Kd" : [0.00000,0.00000,0.00000],
  "illum" : 2,
  "Ks" : [0.16471,0.16471,0.16471],
  "Ns" : 96.07843
}