{
  "alias" : "Cap_II2_Cap_II2_Color_03",
  "vertices" : [1.725471,1.915,-0.533073,1.763471,1.915,-0.531073,1.765471,1.915,-0.533073,1.727471,1.915,-0.531073,1.725471,1.915,-0.493073,1.727471,1.915,-0.495073,1.727471,1.915,-0.531073,1.727471,1.915,-0.495073,1.727471,1.931,-0.531073,1.727471,1.931,-0.495073,1.727471,1.931,-0.531073,1.727471,1.931,-0.495073,1.735471,1.951,-0.523073,1.735471,1.951,-0.503073,1.745471,1.957,-0.513073,1.735471,1.951,-0.523073,1.735471,1.951,-0.503073,1.755471,1.951,-0.523073,1.735471,1.951,-0.523073,1.745471,1.957,-0.513073,1.735471,1.951,-0.523073,1.755471,1.951,-0.523073,1.727471,1.931,-0.531073,1.763471,1.931,-0.531073,1.763471,1.931,-0.531073,1.763471,1.915,-0.531073,1.727471,1.931,-0.531073,1.763471,1.931,-0.531073,1.763471,1.931,-0.495073,1.763471,1.915,-0.531073,1.763471,1.931,-0.495073,1.763471,1.931,-0.531073,1.755471,1.951,-0.503073,1.755471,1.951,-0.523073,1.755471,1.951,-0.523073,1.745471,1.957,-0.513073,1.755471,1.951,-0.503073,1.755471,1.951,-0.503073,1.745471,1.957,-0.513073,1.735471,1.951,-0.503073,1.735471,1.951,-0.503073,1.727471,1.931,-0.495073,1.755471,1.951,-0.503073,1.763471,1.931,-0.495073,1.727471,1.931,-0.495073,1.727471,1.915,-0.495073,1.763471,1.931,-0.495073,1.763471,1.915,-0.495073,1.763471,1.915,-0.495073,1.763471,1.915,-0.495073,1.765471,1.915,-0.493073,1.725471,1.915,-0.493073,1.758971,1.904,-0.493073,1.765471,1.915,-0.493073,1.752721,1.906,-0.493073,1.746471,1.904,-0.493073,1.725471,1.8675,-0.493073,1.746471,1.898,-0.493073,1.747971,1.898,-0.493073,1.747971,1.8675,-0.493073,1.725471,1.8675,-0.493073,1.725471,1.866,-0.493073,1.747971,1.8675,-0.493073,1.725471,1.8675,-0.493073,1.725471,1.8675,-0.533073,1.725471,1.866,-0.493073,1.725471,1.8675,-0.533073,1.725471,1.8675,-0.493073,1.725471,1.915,-0.533073,1.725471,1.915,-0.493073,1.746471,1.898,-0.533073,1.746471,1.904,-0.533073,1.752721,1.906,-0.533073,1.758971,1.904,-0.533073,1.765471,1.904,-0.533073,1.765471,1.915,-0.533073,1.765471,1.904,-0.493073,1.765471,1.746,-0.533073,1.765471,1.746,-0.493073,1.747971,1.8675,-0.533073,1.747971,1.898,-0.533073,1.747971,1.8675,-0.533073,1.747971,1.866,-0.533073,1.725471,1.8675,-0.533073,1.725471,1.866,-0.533073,1.725471,1.866,-0.533073,1.725471,1.862,-0.493073,1.725471,1.862,-0.533073,1.725471,1.862,-0.533073,1.747971,1.862,-0.533073,1.725471,1.862,-0.493073,1.747971,1.866,-0.493073,1.747971,1.862,-0.493073,1.727471,1.915,-0.531073],
  "indices" : [60,61,62,63,64,65,81,82,83,84,83,82,85,65,64,65,85,86,87,86,85,88,84,89,82,89,84,61,90,91,92,91,90,91,62,61],
  "Ni" : 1.00000,
  "Ka" : [1.00000,1.00000,1.00000],
  "d" : 1.00000,
  "Kd" : [0.53333,0.53333,0.53333],
  "illum" : 2,
  "Ks" : [0.16471,0.16471,0.16471],
  "Ns" : 96.07843
}