{
  "alias" : "Cap20_Cap20__9",
  "vertices" : [1.499238,2.155,-0.26074,1.496238,2.147,-0.27074,1.496238,2.147,-0.25774,1.499238,2.155,-0.26774,1.499238,2.155,-0.26074,1.502738,2.158,-0.26424,1.499238,2.155,-0.26774,1.499238,2.155,-0.26074,1.506238,2.155,-0.26074,1.502738,2.158,-0.26424,1.499238,2.155,-0.26074,1.509238,2.147,-0.25774,1.506238,2.155,-0.26074,1.496238,2.147,-0.25774,1.496238,2.147,-0.25774,1.509238,2.143,-0.25774,1.509238,2.147,-0.25774,1.496238,2.143,-0.25774,1.496238,2.147,-0.25774,1.496238,2.143,-0.27074,1.496238,2.143,-0.25774,1.496238,2.147,-0.27074,1.509238,2.147,-0.27074,1.496238,2.143,-0.27074,1.496238,2.147,-0.27074,1.509238,2.143,-0.27074,1.509238,2.147,-0.27074,1.509238,2.143,-0.25774,1.509238,2.143,-0.27074,1.509238,2.147,-0.25774,1.506238,2.155,-0.26774,1.509238,2.147,-0.25774,1.509238,2.147,-0.27074,1.506238,2.155,-0.26074,1.506238,2.155,-0.26074,1.506238,2.155,-0.26774,1.502738,2.158,-0.26424,1.502738,2.158,-0.26424,1.506238,2.155,-0.26774,1.499238,2.155,-0.26774,1.509238,2.147,-0.27074,1.499238,2.155,-0.26774,1.506238,2.155,-0.26774,1.496238,2.147,-0.27074,1.509238,2.143,-0.27074,1.510238,2.143,-0.25674,1.509238,2.143,-0.25774,1.510238,2.143,-0.27174,1.495238,2.143,-0.27174,1.496238,2.143,-0.27074,1.495238,2.143,-0.25674,1.496238,2.143,-0.25774],
  "indices" : [0,1,2,1,0,3,4,5,6,7,8,9,10,11,12,11,10,13,14,15,16,15,14,17,18,19,20,19,18,21,22,23,24,23,22,25,26,27,28,27,26,29,30,31,32,31,30,33,34,35,36,37,38,39,40,41,42,41,40,43],
  "Ni" : 1.00000,
  "Ka" : [1.00000,1.00000,1.00000],
  "d" : 1.00000,
  "Kd" : [0.77490,0.73412,0.59608],
  "illum" : 2,
  "Ks" : [0.16471,0.16471,0.16471],
  "Ns" : 96.07843
}