{
  "alias" : "Cap40_Cap40__9",
  "vertices" : [0.077471,1.927,-0.874296,0.067471,1.919,-0.871296,0.080471,1.919,-0.871296,0.070471,1.927,-0.874296,0.077471,1.927,-0.874296,0.073971,1.93,-0.877796,0.070471,1.927,-0.874296,0.077471,1.927,-0.874296,0.077471,1.927,-0.881296,0.073971,1.93,-0.877796,0.077471,1.927,-0.874296,0.080471,1.919,-0.884296,0.077471,1.927,-0.881296,0.080471,1.919,-0.871296,0.080471,1.919,-0.871296,0.080471,1.915,-0.884296,0.080471,1.919,-0.884296,0.080471,1.915,-0.871296,0.080471,1.919,-0.871296,0.067471,1.915,-0.871296,0.080471,1.915,-0.871296,0.067471,1.919,-0.871296,0.067471,1.919,-0.884296,0.067471,1.915,-0.871296,0.067471,1.919,-0.871296,0.067471,1.915,-0.884296,0.067471,1.919,-0.884296,0.080471,1.915,-0.884296,0.067471,1.915,-0.884296,0.080471,1.919,-0.884296,0.070471,1.927,-0.881296,0.080471,1.919,-0.884296,0.067471,1.919,-0.884296,0.077471,1.927,-0.881296,0.077471,1.927,-0.881296,0.070471,1.927,-0.881296,0.073971,1.93,-0.877796,0.073971,1.93,-0.877796,0.070471,1.927,-0.881296,0.070471,1.927,-0.874296,0.067471,1.919,-0.884296,0.070471,1.927,-0.874296,0.070471,1.927,-0.881296,0.067471,1.919,-0.871296,0.067471,1.915,-0.884296,0.081471,1.915,-0.885296,0.080471,1.915,-0.884296,0.066471,1.915,-0.885296,0.066471,1.915,-0.870296,0.067471,1.915,-0.871296,0.081471,1.915,-0.870296,0.080471,1.915,-0.871296],
  "indices" : [0,1,2,1,0,3,4,5,6,7,8,9,10,11,12,11,10,13,14,15,16,15,14,17,18,19,20,19,18,21,22,23,24,23,22,25,26,27,28,27,26,29,30,31,32,31,30,33,34,35,36,37,38,39,40,41,42,41,40,43],
  "Ni" : 1.00000,
  "Ka" : [1.00000,1.00000,1.00000],
  "d" : 1.00000,
  "Kd" : [0.77490,0.73412,0.59608],
  "illum" : 2,
  "Ks" : [0.16471,0.16471,0.16471],
  "Ns" : 96.07843
}