{
  "alias" : "Mesh198_Mesh198_Color_00",
  "vertices" : [1.766471,0.376,-0.29774,1.766471,0.384,-0.29174,1.766471,0.376,-0.29174,1.765471,0.376,-0.29174,1.765471,0.376,-0.29774,1.766471,0.384,-0.29774,1.772471,0.384,-0.29774,1.772471,0.384,-0.29174],
  "indices" : [0,1,2,0,3,4,1,6,7,0,5,1,0,2,3,1,5,6],
  "Ni" : 1.00000,
  "Ka" : [1.00000,1.00000,1.00000],
  "d" : 1.00000,
  "Kd" : [0.41387,0.41387,0.41387],
  "illum" : 2,
  "Ks" : [0.16471,0.16471,0.16471],
  "Ns" : 96.07843
}