{
  "alias" : "Cap19_Cap19_Color_00",
  "vertices" : [1.569471,2.155,-0.337973,1.579471,2.147,-0.340973,1.566471,2.147,-0.340973,1.576471,2.155,-0.337973,1.569471,2.155,-0.337973,1.572971,2.158,-0.334473,1.576471,2.155,-0.337973,1.569471,2.155,-0.337973,1.569471,2.155,-0.330973,1.572971,2.158,-0.334473,1.569471,2.155,-0.337973,1.566471,2.147,-0.327973,1.569471,2.155,-0.330973,1.566471,2.147,-0.340973,1.566471,2.147,-0.340973,1.566471,2.143,-0.327973,1.566471,2.147,-0.327973,1.566471,2.143,-0.340973,1.566471,2.147,-0.340973,1.579471,2.143,-0.340973,1.566471,2.143,-0.340973,1.579471,2.147,-0.340973,1.579471,2.147,-0.327973,1.579471,2.143,-0.340973,1.579471,2.147,-0.340973,1.579471,2.143,-0.327973,1.579471,2.147,-0.327973,1.566471,2.143,-0.327973,1.579471,2.143,-0.327973,1.566471,2.147,-0.327973,1.576471,2.155,-0.330973,1.566471,2.147,-0.327973,1.579471,2.147,-0.327973,1.569471,2.155,-0.330973,1.569471,2.155,-0.330973,1.576471,2.155,-0.330973,1.572971,2.158,-0.334473,1.572971,2.158,-0.334473,1.576471,2.155,-0.330973,1.576471,2.155,-0.337973,1.579471,2.147,-0.327973,1.576471,2.155,-0.337973,1.576471,2.155,-0.330973,1.579471,2.147,-0.340973,1.579471,2.143,-0.327973,1.565471,2.143,-0.326973,1.566471,2.143,-0.327973,1.580471,2.143,-0.326973,1.580471,2.143,-0.341973,1.579471,2.143,-0.340973,1.565471,2.143,-0.341973,1.566471,2.143,-0.340973],
  "indices" : [44,45,46,44,47,45,47,44,48,49,48,44,48,49,50,50,49,51,50,51,45,46,45,51],
  "Ni" : 1.00000,
  "Ka" : [1.00000,1.00000,1.00000],
  "d" : 1.00000,
  "Kd" : [0.41387,0.41387,0.41387],
  "illum" : 2,
  "Ks" : [0.16471,0.16471,0.16471],
  "Ns" : 96.07843
}