{
  "alias" : "Cap_II5_Cap_II5__1",
  "vertices" : [1.019871,1.915,-0.07174,1.021871,1.915,-0.07374,1.019871,1.915,-0.11174,1.059871,1.915,-0.07174,1.019871,1.904,-0.07174,1.059871,1.915,-0.07174,1.019871,1.915,-0.07174,1.059871,1.904,-0.07174,1.019871,1.746,-0.07174,1.059871,1.746,-0.07174,1.059871,1.904,-0.07824,1.059871,1.915,-0.11174,1.059871,1.906,-0.08449,1.059871,1.904,-0.09074,1.059871,1.8675,-0.11174,1.059871,1.898,-0.09074,1.059871,1.898,-0.08924,1.059871,1.8675,-0.08924,1.059871,1.8675,-0.08924,1.059871,1.866,-0.11174,1.059871,1.8675,-0.11174,1.059871,1.866,-0.08924,1.059871,1.862,-0.11174,1.059871,1.862,-0.08924,1.059871,1.862,-0.11174,1.019871,1.866,-0.11174,1.059871,1.866,-0.11174,1.019871,1.862,-0.11174,1.019871,1.862,-0.08924,1.019871,1.866,-0.11174,1.019871,1.862,-0.11174,1.019871,1.866,-0.08924,1.019871,1.8675,-0.11174,1.019871,1.8675,-0.08924,1.019871,1.8675,-0.08924,1.019871,1.898,-0.09074,1.019871,1.8675,-0.11174,1.019871,1.898,-0.08924,1.019871,1.915,-0.11174,1.019871,1.904,-0.09074,1.019871,1.906,-0.08449,1.019871,1.904,-0.07824,1.059871,1.8675,-0.11174,1.059871,1.915,-0.11174,1.021871,1.915,-0.10974,1.059871,1.915,-0.11174,1.021871,1.915,-0.07374,1.021871,1.931,-0.10974,1.021871,1.915,-0.10974,1.021871,1.931,-0.07374,1.021871,1.915,-0.07374,1.057871,1.931,-0.07374,1.021871,1.931,-0.07374,1.057871,1.915,-0.07374,1.057871,1.915,-0.07374,1.057871,1.915,-0.10974,1.021871,1.931,-0.10974,1.057871,1.915,-0.10974,1.021871,1.915,-0.10974,1.057871,1.931,-0.10974,1.029871,1.951,-0.10174,1.057871,1.931,-0.10974,1.021871,1.931,-0.10974,1.049871,1.951,-0.10174,1.049871,1.951,-0.10174,1.029871,1.951,-0.10174,1.039871,1.957,-0.09174,1.039871,1.957,-0.09174,1.029871,1.951,-0.10174,1.029871,1.951,-0.08174,1.021871,1.931,-0.10974,1.029871,1.951,-0.08174,1.029871,1.951,-0.10174,1.021871,1.931,-0.07374,1.021871,1.931,-0.07374,1.049871,1.951,-0.08174,1.029871,1.951,-0.08174,1.057871,1.931,-0.07374,1.057871,1.931,-0.10974,1.049871,1.951,-0.08174,1.057871,1.931,-0.07374,1.049871,1.951,-0.10174,1.049871,1.951,-0.10174,1.039871,1.957,-0.09174,1.049871,1.951,-0.08174,1.049871,1.951,-0.08174,1.039871,1.957,-0.09174,1.029871,1.951,-0.08174,1.057871,1.931,-0.07374,1.057871,1.915,-0.10974,1.057871,1.931,-0.10974,1.057871,1.915,-0.07374,1.019871,1.8675,-0.11174,1.059871,1.8675,-0.11174],
  "indices" : [0,1,2,1,0,3,4,5,6,4,7,5,8,7,4,7,8,9,10,5,7,5,10,11,11,10,12,11,12,13,11,13,14,15,14,13,16,14,15,14,16,17,34,35,36,35,34,37,36,35,38,39,38,35,40,38,39,41,38,40,4,38,41,38,4,6,38,42,36,42,38,43,2,44,45,44,2,1,1,3,54,54,3,55,45,55,3,45,44,55],
  "Ni" : 1.00000,
  "Ka" : [1.00000,1.00000,1.00000],
  "d" : 1.00000,
  "Kd" : [0.76407,0.72387,0.58780],
  "illum" : 2,
  "Ks" : [0.16471,0.16471,0.16471],
  "Ns" : 96.07843
}