{
  "alias" : "Door_Fro10_Door_Fro10_Transluc",
  "vertices" : [1.753471,1.596,-1.03699,1.753471,1.651,-1.03199,1.753471,1.596,-1.00699,1.753471,1.676,-1.03699,1.753471,1.6605,-1.03199,1.753471,1.6615,-1.03199,1.753471,1.671,-1.03199,1.753471,1.671,-1.02249,1.753471,1.671,-1.02149,1.753471,1.671,-1.01199,1.753471,1.676,-1.00699,1.753471,1.6615,-1.01199,1.753471,1.6605,-1.01199,1.753471,1.651,-1.01199,1.753471,1.6325,-1.00849,1.753471,1.6255,-1.00849,1.753471,1.6255,-1.01149,1.753471,1.6325,-1.01149,1.753471,1.651,-1.02249,1.753471,1.6605,-1.03199,1.753471,1.651,-1.02249,1.753471,1.651,-1.03199,1.753471,1.6605,-1.02249,1.753471,1.6605,-1.02249,1.753471,1.6605,-1.02149,1.753471,1.6615,-1.02249,1.753471,1.671,-1.03199,1.753471,1.6615,-1.02249,1.753471,1.6615,-1.03199,1.753471,1.671,-1.02249,1.753471,1.6615,-1.02149,1.753471,1.671,-1.02149,1.753471,1.6615,-1.01199,1.753471,1.6615,-1.02149,1.753471,1.671,-1.01199,1.753471,1.651,-1.01199,1.753471,1.6605,-1.02149,1.753471,1.6605,-1.01199,1.753471,1.651,-1.02149,1.753471,1.651,-1.02149,1.753471,1.630917,-1.009976,1.753471,1.630749,-1.009655,1.753471,1.630394,-1.009586,1.753471,1.630118,-1.009822,1.753471,1.63013,-1.010184,1.753471,1.630421,-1.0104,1.753471,1.630771,-1.010308],
  "indices" : [19,20,21,20,19,22,26,27,28,27,26,29,31,32,33,32,31,34,35,36,37,36,35,38],
  "Ni" : 1.00000,
  "Ka" : [1.00000,1.00000,1.00000],
  "d" : 1.00000,
  "Kd" : [0.40157,0.40157,0.40157],
  "illum" : 2,
  "Ks" : [0.16471,0.16471,0.16471],
  "Ns" : 96.07843
}