{
  "alias" : "Mesh391_Mesh391_Color_03",
  "vertices" : [0.643471,2.249,-0.45774,0.643471,2.252,-0.45774,0.799471,2.249,-0.60174,0.643471,2.249,-0.60174,0.799471,2.252,-0.60174,0.643471,2.252,-0.60174,0.655471,2.252,-0.58974,0.799471,2.252,-0.45774,0.799471,2.249,-0.45774,0.799471,2.234,-0.45774,0.643471,2.111,-0.45774,0.799471,2.111,-0.45774,0.643471,2.108,-0.45774,0.799471,2.108,-0.45774,0.799471,2.084,-0.45774,0.799471,2.084,-0.46374,0.799471,2.108,-0.46374,0.799471,2.108,-0.59574,0.799471,2.084,-0.59574,0.799471,2.108,-0.60174,0.799471,2.084,-0.60174,0.793471,2.084,-0.60174,0.793471,2.108,-0.60174,0.649471,2.084,-0.60174,0.649471,2.108,-0.60174,0.643471,2.084,-0.60174,0.643471,2.084,-0.59574,0.643471,2.108,-0.60174,0.643471,2.084,-0.46374,0.643471,2.108,-0.59574,0.643471,2.084,-0.45774,0.643471,2.108,-0.46374,0.649471,2.084,-0.45774,0.793471,2.108,-0.45774,0.649471,2.108,-0.45774,0.793471,2.084,-0.45774,0.643471,2.111,-0.60174,0.799471,2.111,-0.60174,0.815471,2.252,-0.58974,0.787471,2.252,-0.58974,0.682471,2.252,-0.46974,0.655471,2.252,-0.46974,0.668971,2.24,-0.58974,0.682471,2.24,-0.46974,0.682471,2.252,-0.58974,0.682471,2.24,-0.58974,0.668971,2.24,-0.46974,0.690471,2.252,-0.46974,0.717471,2.252,-0.46974,0.787471,2.252,-0.46974,0.725471,2.252,-0.58974,0.717471,2.24,-0.46974,0.703971,2.24,-0.46974,0.717471,2.24,-0.58974,0.717471,2.252,-0.58974,0.703971,2.24,-0.58974,0.690471,2.252,-0.58974,0.738971,2.24,-0.46974,0.752471,2.24,-0.58974,0.752471,2.24,-0.46974,0.752471,2.252,-0.58974,0.725471,2.252,-0.46974,0.752471,2.252,-0.46974,0.738971,2.24,-0.58974,0.760471,2.252,-0.58974,0.760471,2.252,-0.46974,0.773971,2.24,-0.58974,0.787471,2.24,-0.46974,0.773971,2.24,-0.46974,0.787471,2.24,-0.58974,0.823471,2.252,-0.45774,0.823471,2.24,-0.60174,0.823471,2.252,-0.60174,0.815471,2.238,-0.46974,0.823471,2.24,-0.45774,0.799471,2.234,-0.46974,0.799471,2.234,-0.60174,0.815471,2.238,-0.58974,0.799471,2.249,-0.46974,0.815471,2.252,-0.46974,0.799471,2.252,-0.46974,0.799471,2.249,-0.58974,0.799471,2.252,-0.58974,0.799471,2.234,-0.58974],
  "indices" : [41,7,40,83,75,37,1,41,5,4,54,50,33,11,34,4,80,82,8,1,0,41,1,7,4,60,64,21,19,20,9,0,10,4,56,54,57,62,59,37,3,76,60,63,58,12,36,31,36,12,10,4,38,72,11,10,12,11,33,13,4,50,60,4,44,56,4,7,80,76,3,2,4,39,7,44,42,45,81,38,82,62,64,60,65,7,49,4,6,44,78,81,80,40,7,47,61,7,62,6,5,41,34,11,12,19,18,20,16,14,15,2,71,76,48,50,54,0,36,10,25,24,23,73,78,79,74,72,70,4,64,39,3,1,5,5,6,4,47,7,48,39,66,69,62,7,65,14,33,35,68,49,67,48,7,61,79,78,80,29,25,26,52,48,51,49,7,39,54,55,53,40,56,44,12,28,30,36,37,19,4,3,5,79,7,70,46,40,43,11,75,9,79,77,73,79,70,38,72,38,70,74,8,9,77,76,71,11,16,37,16,11,13,37,16,17,37,17,19,22,36,19,24,36,22,36,24,27,29,36,27,31,36,29,83,37,76,77,71,73,74,73,71,9,73,74,32,12,30,80,81,82,70,8,74,77,81,83,2,72,71,83,78,75,8,7,1,21,22,19,9,8,0,57,61,62,60,50,63,4,82,38,11,9,10,44,6,42,81,77,38,62,65,64,78,83,81,19,17,18,16,13,14,48,61,50,0,3,36,25,27,24,73,75,78,74,71,72,3,0,1,39,64,66,14,13,33,68,65,49,29,27,25,52,47,48,54,56,55,40,47,56,12,31,28,36,3,37,4,2,3,79,80,7,46,41,40,11,37,75,79,38,77,77,83,76,9,75,73,32,34,12,70,7,8,2,4,72],
  "Ni" : 1.00000,
  "Ka" : [1.00000,1.00000,1.00000],
  "d" : 1.00000,
  "Kd" : [0.53333,0.53333,0.53333],
  "illum" : 2,
  "Ks" : [0.16471,0.16471,0.16471],
  "Ns" : 96.07843
}