{
  "alias" : "Cap41_Cap41_Color_00",
  "vertices" : [0.077471,1.927,-1.05224,0.067471,1.919,-1.04924,0.080471,1.919,-1.04924,0.070471,1.927,-1.05224,0.077471,1.927,-1.05224,0.073971,1.93,-1.05574,0.070471,1.927,-1.05224,0.077471,1.927,-1.05224,0.077471,1.927,-1.05924,0.073971,1.93,-1.05574,0.077471,1.927,-1.05224,0.080471,1.919,-1.06224,0.077471,1.927,-1.05924,0.080471,1.919,-1.04924,0.080471,1.919,-1.04924,0.080471,1.915,-1.06224,0.080471,1.919,-1.06224,0.080471,1.915,-1.04924,0.080471,1.919,-1.04924,0.067471,1.915,-1.04924,0.080471,1.915,-1.04924,0.067471,1.919,-1.04924,0.067471,1.919,-1.06224,0.067471,1.915,-1.04924,0.067471,1.919,-1.04924,0.067471,1.915,-1.06224,0.067471,1.919,-1.06224,0.080471,1.915,-1.06224,0.067471,1.915,-1.06224,0.080471,1.919,-1.06224,0.070471,1.927,-1.05924,0.080471,1.919,-1.06224,0.067471,1.919,-1.06224,0.077471,1.927,-1.05924,0.077471,1.927,-1.05924,0.070471,1.927,-1.05924,0.073971,1.93,-1.05574,0.073971,1.93,-1.05574,0.070471,1.927,-1.05924,0.070471,1.927,-1.05224,0.067471,1.919,-1.06224,0.070471,1.927,-1.05224,0.070471,1.927,-1.05924,0.067471,1.919,-1.04924,0.067471,1.915,-1.06224,0.081471,1.915,-1.06324,0.080471,1.915,-1.06224,0.066471,1.915,-1.06324,0.066471,1.915,-1.04824,0.067471,1.915,-1.04924,0.081471,1.915,-1.04824,0.080471,1.915,-1.04924],
  "indices" : [44,45,46,44,47,45,47,44,48,49,48,44,48,49,50,50,49,51,50,51,45,46,45,51],
  "Ni" : 1.00000,
  "Ka" : [1.00000,1.00000,1.00000],
  "d" : 1.00000,
  "Kd" : [0.41387,0.41387,0.41387],
  "illum" : 2,
  "Ks" : [0.16471,0.16471,0.16471],
  "Ns" : 96.07843
}