{
  "alias" : "Mesh661_Mesh661_Color_00",
  "vertices" : [1.417471,0.126,-1.63174,1.201471,0.12,-1.63174,1.417471,0.12,-1.63174,1.201471,0.126,-1.63174,1.417471,0.126,-1.63174,1.201471,0.126,-1.61374,1.201471,0.126,-1.63174,1.417471,0.126,-1.61374,1.417471,0.126,-1.63174,1.417471,0.12,-1.61374,1.417471,0.126,-1.61374,1.417471,0.12,-1.63174,1.417471,0.12,-1.61374,1.201471,0.126,-1.61374,1.417471,0.126,-1.61374,1.201471,0.12,-1.61374,1.417471,0.0,-1.61374,1.201471,0.0,-1.61374,1.201471,0.12,-1.63174,1.201471,0.126,-1.61374,1.201471,0.12,-1.61374,1.201471,0.126,-1.63174,1.201471,0.0,-1.63174,1.417471,0.0,-1.63174,0.889471,0.12,-1.61374,1.105471,0.0,-1.61374,0.889471,0.0,-1.61374,1.105471,0.12,-1.61374,0.889471,0.126,-1.61374,1.105471,0.126,-1.61374,0.889471,0.126,-1.61374,1.105471,0.126,-1.63174,1.105471,0.126,-1.61374,0.889471,0.126,-1.63174,0.889471,0.126,-1.61374,0.889471,0.12,-1.63174,0.889471,0.126,-1.63174,0.889471,0.12,-1.61374,0.889471,0.12,-1.63174,1.105471,0.126,-1.63174,0.889471,0.126,-1.63174,1.105471,0.12,-1.63174,0.889471,0.0,-1.63174,1.105471,0.0,-1.63174,1.105471,0.12,-1.61374,1.105471,0.126,-1.63174,1.105471,0.12,-1.63174,1.105471,0.126,-1.61374],
  "indices" : [0,2,1,1,3,0,4,6,5,5,7,4,8,10,9,9,11,8,12,14,13,13,15,12,16,12,15,15,17,16,18,20,19,19,21,18,22,1,2,2,23,22,24,26,25,25,27,24,24,27,28,27,29,28,30,32,31,31,33,30,34,36,35,35,37,34,38,40,39,39,41,38,42,38,41,41,43,42,44,46,45,45,47,44],
  "Ni" : 1.00000,
  "Ka" : [1.00000,1.00000,1.00000],
  "d" : 1.00000,
  "Kd" : [0.41387,0.41387,0.41387],
  "illum" : 2,
  "Ks" : [0.16471,0.16471,0.16471],
  "Ns" : 96.07843
}