{
  "alias" : "Mesh206_Mesh206_Color_00",
  "vertices" : [0.073471,0.066,-1.17574,0.061471,0.0,-1.17574,0.073471,0.0,-1.17574,0.061471,0.066,-1.17574,0.073471,0.376,-1.17574,0.061471,0.376,-1.17574,0.073471,0.376,-1.17674,0.061471,0.376,-1.17574,0.073471,0.376,-1.17574,0.060471,0.376,-1.17674,0.073471,0.384,-1.17674,0.060471,0.376,-1.17674,0.073471,0.376,-1.17674,0.060471,0.384,-1.17674,0.073471,0.384,-1.18274,0.060471,0.384,-1.17674,0.073471,0.384,-1.17674,0.054471,0.384,-1.18274,0.073471,0.386,-1.18374,0.054471,0.384,-1.18274,0.073471,0.384,-1.18274,0.053471,0.386,-1.18374,0.073471,0.396,-1.18374,0.053471,0.386,-1.18374,0.073471,0.386,-1.18374,0.053471,0.396,-1.18374,0.073471,0.396,-1.18374,0.061471,0.396,-1.17574,0.053471,0.396,-1.18374,0.073471,0.396,-1.17574,0.073471,0.396,-1.18374,0.073471,0.384,-1.17574,0.073471,0.396,-1.17574,0.073471,0.384,-1.17674,0.073471,0.384,-1.18274,0.073471,0.386,-1.18374,0.073471,0.376,-1.17574,0.073471,0.376,-1.17674],
  "indices" : [0,1,2,1,0,3,0,4,3,3,4,5,6,7,8,7,6,9,10,11,12,11,10,13,14,15,16,15,14,17,18,19,20,19,18,21,22,23,24,23,22,25,26,27,28,27,26,29,30,31,32,31,30,33,33,30,34,34,30,35,33,36,31,36,33,37],
  "Ni" : 1.00000,
  "Ka" : [1.00000,1.00000,1.00000],
  "d" : 1.00000,
  "Kd" : [0.41387,0.41387,0.41387],
  "illum" : 2,
  "Ks" : [0.16471,0.16471,0.16471],
  "Ns" : 96.07843
}