{
  "alias" : "Cap52_Cap52_Color_00",
  "vertices" : [0.626204,2.211,-0.97974,0.616204,2.203,-0.97674,0.629204,2.203,-0.97674,0.619204,2.211,-0.97974,0.626204,2.211,-0.97974,0.622704,2.214,-0.98324,0.619204,2.211,-0.97974,0.626204,2.211,-0.97974,0.626204,2.211,-0.98674,0.622704,2.214,-0.98324,0.626204,2.211,-0.97974,0.629204,2.203,-0.98974,0.626204,2.211,-0.98674,0.629204,2.203,-0.97674,0.629204,2.203,-0.97674,0.629204,2.199,-0.98974,0.629204,2.203,-0.98974,0.629204,2.199,-0.97674,0.629204,2.203,-0.97674,0.616204,2.199,-0.97674,0.629204,2.199,-0.97674,0.616204,2.203,-0.97674,0.616204,2.203,-0.98974,0.616204,2.199,-0.97674,0.616204,2.203,-0.97674,0.616204,2.199,-0.98974,0.616204,2.203,-0.98974,0.629204,2.199,-0.98974,0.616204,2.199,-0.98974,0.629204,2.203,-0.98974,0.619204,2.211,-0.98674,0.629204,2.203,-0.98974,0.616204,2.203,-0.98974,0.626204,2.211,-0.98674,0.626204,2.211,-0.98674,0.619204,2.211,-0.98674,0.622704,2.214,-0.98324,0.622704,2.214,-0.98324,0.619204,2.211,-0.98674,0.619204,2.211,-0.97974,0.616204,2.203,-0.98974,0.619204,2.211,-0.97974,0.619204,2.211,-0.98674,0.616204,2.203,-0.97674,0.616204,2.199,-0.98974,0.630204,2.199,-0.99074,0.629204,2.199,-0.98974,0.615204,2.199,-0.99074,0.615204,2.199,-0.97574,0.616204,2.199,-0.97674,0.630204,2.199,-0.97574,0.629204,2.199,-0.97674],
  "indices" : [44,45,46,44,47,45,47,44,48,49,48,44,48,49,50,50,49,51,50,51,45,46,45,51],
  "Ni" : 1.00000,
  "Ka" : [1.00000,1.00000,1.00000],
  "d" : 1.00000,
  "Kd" : [0.41387,0.41387,0.41387],
  "illum" : 2,
  "Ks" : [0.16471,0.16471,0.16471],
  "Ns" : 96.07843
}