{
  "alias" : "Mesh667_Mesh667_Foregrou",
  "vertices" : [0.063451,0.396,-1.17574,0.059491,0.396,-1.17574,0.059491,0.0,-1.17574,0.059491,0.0,-1.17574,0.063451,0.0,-1.17574,0.061471,0.0,-1.17568,0.061471,0.0,-1.1758,0.073471,0.0,-1.1758,0.073471,0.0,-1.1758,0.073471,0.0,-1.17568],
  "indices" : [0,1,2,0,3,4,5,6,7,8,9,5],
  "Ni" : 1.00000,
  "Ka" : [1.00000,1.00000,1.00000],
  "d" : 1.00000,
  "Kd" : [0.00000,0.00000,0.00000],
  "illum" : 2,
  "Ks" : [0.16471,0.16471,0.16471],
  "Ns" : 96.07843
}