{
  "alias" : "Cap1_Cap1_Color_00",
  "vertices" : [0.080471,1.919,-0.441629,0.067471,1.919,-0.441629,0.077471,1.927,-0.438629,0.067471,1.919,-0.441629,0.080471,1.919,-0.441629,0.067471,1.915,-0.441629,0.080471,1.915,-0.441629,0.080471,1.915,-0.441629,0.067471,1.915,-0.441629,0.081471,1.915,-0.442629,0.066471,1.915,-0.442629,0.067471,1.915,-0.428629,0.066471,1.915,-0.427629,0.081471,1.915,-0.427629,0.080471,1.915,-0.428629,0.080471,1.915,-0.441629,0.080471,1.919,-0.441629,0.080471,1.915,-0.428629,0.080471,1.919,-0.428629,0.080471,1.919,-0.428629,0.067471,1.919,-0.428629,0.080471,1.915,-0.428629,0.067471,1.919,-0.428629,0.080471,1.919,-0.428629,0.070471,1.927,-0.431629,0.077471,1.927,-0.431629,0.073971,1.93,-0.435129,0.070471,1.927,-0.431629,0.077471,1.927,-0.431629,0.070471,1.927,-0.438629,0.070471,1.927,-0.431629,0.073971,1.93,-0.435129,0.070471,1.927,-0.431629,0.070471,1.927,-0.438629,0.067471,1.919,-0.428629,0.067471,1.919,-0.441629,0.067471,1.919,-0.441629,0.067471,1.915,-0.441629,0.067471,1.919,-0.428629,0.067471,1.915,-0.428629,0.067471,1.915,-0.428629,0.070471,1.927,-0.438629,0.070471,1.927,-0.438629,0.073971,1.93,-0.435129,0.077471,1.927,-0.438629,0.073971,1.93,-0.435129,0.077471,1.927,-0.431629,0.077471,1.927,-0.438629,0.077471,1.927,-0.431629,0.080471,1.919,-0.428629,0.077471,1.927,-0.438629,0.080471,1.919,-0.441629],
  "indices" : [7,8,9,9,8,10,11,10,8,10,11,12,13,12,11,14,13,11,7,13,14,13,7,9],
  "Ni" : 1.00000,
  "Ka" : [1.00000,1.00000,1.00000],
  "d" : 1.00000,
  "Kd" : [0.41387,0.41387,0.41387],
  "illum" : 2,
  "Ks" : [0.16471,0.16471,0.16471],
  "Ns" : 96.07843
}