{
  "alias" : "Mesh656_Mesh656_Color_03",
  "vertices" : [1.120471,2.096824,-0.576625,1.213471,2.096,-0.57374,1.117471,2.096,-0.57374,1.213471,2.084,-0.57374,1.213471,2.108,-0.61574,1.213471,2.096,-0.65774,1.213471,2.084,-0.65774,1.117471,2.096,-0.65774,1.117471,2.084,-0.65774,1.117471,2.108,-0.61574,1.117471,2.084,-0.57374,1.120471,2.107176,-0.618625,1.120471,2.107176,-0.612855,1.121471,2.097099,-0.577586,1.210471,2.096824,-0.576625,1.210471,2.107176,-0.612855,1.121471,2.106901,-0.611894,1.209471,2.097099,-0.577586,1.209471,2.106901,-0.611894,1.210471,2.107176,-0.618625,1.210471,2.096824,-0.654855,1.120471,2.096824,-0.654855,1.121471,2.106901,-0.619586,1.209471,2.097099,-0.653894,1.121471,2.097099,-0.653894,1.209471,2.106901,-0.619586],
  "indices" : [8,9,7,10,9,8,2,0,9,0,2,1,6,1,3,0,13,12,13,0,14,0,1,14,14,1,15,12,16,15,16,12,13,15,18,14,15,16,18,11,22,21,22,11,19,20,23,19,20,24,23,21,24,20,24,21,22,6,4,1,9,11,7,11,9,4,9,12,4,12,9,0,4,15,1,4,12,15,3,2,10,17,14,18,13,14,17,11,4,19,19,4,20,5,20,4,5,21,20,7,21,5,21,7,11,22,19,25,25,19,23,8,5,6,10,2,9,6,5,4,3,1,2,8,7,5],
  "Ni" : 1.00000,
  "Ka" : [1.00000,1.00000,1.00000],
  "d" : 1.00000,
  "Kd" : [0.53333,0.53333,0.53333],
  "illum" : 2,
  "Ks" : [0.16471,0.16471,0.16471],
  "Ns" : 96.07843
}