{
  "alias" : "Mesh626_Mesh626_Buff",
  "vertices" : [1.742971,1.929,-0.583636,1.744471,1.862,-0.583636,1.742971,1.862,-0.583636,1.744471,1.928902,-0.583636,1.744841,1.931714,-0.583636,1.74338,1.932106,-0.583636,1.745889,1.934244,-0.583636,1.744579,1.935,-0.583636,1.747556,1.936416,-0.583636,1.746486,1.937485,-0.583636,1.749728,1.938082,-0.583636,1.748971,1.939392,-0.583636,1.752257,1.93913,-0.583636,1.754971,1.939487,-0.583636,1.751865,1.940591,-0.583636,1.758077,1.940591,-0.583636,1.760971,1.939392,-0.583636,1.757685,1.93913,-0.583636,1.760215,1.938082,-0.583636,1.763456,1.937485,-0.583636,1.762387,1.936416,-0.583636,1.765363,1.935,-0.583636,1.764053,1.934244,-0.583636,1.766562,1.932106,-0.583636,1.765101,1.931714,-0.583636,1.766971,1.929,-0.583636,1.765471,1.928902,-0.583636,1.766971,1.893,-0.583636,1.765471,1.893,-0.583636,1.754971,1.941,-0.583636],
  "indices" : [0,1,2,1,0,3,3,0,4,4,0,5,4,5,6,6,5,7,6,7,8,8,7,9,8,9,10,10,9,11,10,11,12,12,11,13,13,11,14,15,13,14,16,13,15,16,17,13,16,18,17,19,18,16,19,20,18,21,20,19,21,22,20,23,22,21,23,24,22,25,24,23,25,26,24,27,26,25,26,27,28,15,14,29],
  "Ni" : 1.00000,
  "Ka" : [1.00000,1.00000,1.00000],
  "d" : 1.00000,
  "Kd" : [0.77490,0.73412,0.59608],
  "illum" : 2,
  "Ks" : [0.16471,0.16471,0.16471],
  "Ns" : 96.07843
}