{
  "alias" : "Mesh191_Mesh191_Color_00",
  "vertices" : [0.054471,0.384,-0.29774,0.054471,0.384,-0.29174,0.060471,0.384,-0.29774,0.060471,0.384,-0.29174,0.060471,0.384,-0.29174,0.060471,0.376,-0.29174,0.060471,0.384,-0.29774,0.060471,0.376,-0.29774,0.060471,0.376,-0.29774,0.060471,0.376,-0.29174,0.061471,0.376,-0.29774,0.061471,0.376,-0.29174],
  "indices" : [0,1,2,3,2,1,4,5,6,7,6,5,8,9,10,11,10,9],
  "Ni" : 1.00000,
  "Ka" : [1.00000,1.00000,1.00000],
  "d" : 1.00000,
  "Kd" : [0.41387,0.41387,0.41387],
  "illum" : 2,
  "Ks" : [0.16471,0.16471,0.16471],
  "Ns" : 96.07843
}