{
  "alias" : "Cap22_Cap22_Color_00",
  "vertices" : [0.260471,2.203,-0.584518,0.260471,2.203,-0.597518,0.257471,2.211,-0.587518,0.260471,2.203,-0.597518,0.260471,2.203,-0.584518,0.260471,2.199,-0.597518,0.260471,2.199,-0.584518,0.260471,2.199,-0.584518,0.260471,2.199,-0.597518,0.261471,2.199,-0.583518,0.261471,2.199,-0.598518,0.247471,2.199,-0.597518,0.246471,2.199,-0.598518,0.246471,2.199,-0.583518,0.247471,2.199,-0.584518,0.260471,2.199,-0.584518,0.260471,2.203,-0.584518,0.247471,2.199,-0.584518,0.247471,2.203,-0.584518,0.247471,2.203,-0.584518,0.247471,2.203,-0.597518,0.247471,2.199,-0.584518,0.247471,2.203,-0.597518,0.247471,2.203,-0.584518,0.250471,2.211,-0.594518,0.250471,2.211,-0.587518,0.253971,2.214,-0.591018,0.250471,2.211,-0.594518,0.250471,2.211,-0.587518,0.257471,2.211,-0.594518,0.250471,2.211,-0.594518,0.253971,2.214,-0.591018,0.250471,2.211,-0.594518,0.257471,2.211,-0.594518,0.247471,2.203,-0.597518,0.260471,2.203,-0.597518,0.260471,2.203,-0.597518,0.260471,2.199,-0.597518,0.247471,2.203,-0.597518,0.247471,2.199,-0.597518,0.247471,2.199,-0.597518,0.257471,2.211,-0.594518,0.257471,2.211,-0.594518,0.253971,2.214,-0.591018,0.257471,2.211,-0.587518,0.253971,2.214,-0.591018,0.250471,2.211,-0.587518,0.257471,2.211,-0.587518,0.250471,2.211,-0.587518,0.247471,2.203,-0.584518,0.257471,2.211,-0.587518,0.260471,2.203,-0.584518],
  "indices" : [7,8,9,9,8,10,11,10,8,10,11,12,13,12,11,14,13,11,7,13,14,13,7,9],
  "Ni" : 1.00000,
  "Ka" : [1.00000,1.00000,1.00000],
  "d" : 1.00000,
  "Kd" : [0.41387,0.41387,0.41387],
  "illum" : 2,
  "Ks" : [0.16471,0.16471,0.16471],
  "Ns" : 96.07843
}