{
  "alias" : "Cap42_Cap42_Color_00",
  "vertices" : [1.746471,1.919,-1.04924,1.759471,1.919,-1.04924,1.749471,1.927,-1.05224,1.759471,1.919,-1.04924,1.746471,1.919,-1.04924,1.759471,1.915,-1.04924,1.746471,1.915,-1.04924,1.746471,1.915,-1.04924,1.759471,1.915,-1.04924,1.745471,1.915,-1.04824,1.760471,1.915,-1.04824,1.759471,1.915,-1.06224,1.760471,1.915,-1.06324,1.745471,1.915,-1.06324,1.746471,1.915,-1.06224,1.746471,1.915,-1.04924,1.746471,1.919,-1.04924,1.746471,1.915,-1.06224,1.746471,1.919,-1.06224,1.746471,1.919,-1.06224,1.759471,1.919,-1.06224,1.746471,1.915,-1.06224,1.759471,1.919,-1.06224,1.746471,1.919,-1.06224,1.756471,1.927,-1.05924,1.749471,1.927,-1.05924,1.752971,1.93,-1.05574,1.756471,1.927,-1.05924,1.749471,1.927,-1.05924,1.756471,1.927,-1.05224,1.756471,1.927,-1.05924,1.752971,1.93,-1.05574,1.756471,1.927,-1.05924,1.756471,1.927,-1.05224,1.759471,1.919,-1.06224,1.759471,1.919,-1.04924,1.759471,1.919,-1.04924,1.759471,1.915,-1.04924,1.759471,1.919,-1.06224,1.759471,1.915,-1.06224,1.759471,1.915,-1.06224,1.756471,1.927,-1.05224,1.756471,1.927,-1.05224,1.752971,1.93,-1.05574,1.749471,1.927,-1.05224,1.752971,1.93,-1.05574,1.749471,1.927,-1.05924,1.749471,1.927,-1.05224,1.749471,1.927,-1.05924,1.746471,1.919,-1.06224,1.749471,1.927,-1.05224,1.746471,1.919,-1.04924],
  "indices" : [7,8,9,9,8,10,11,10,8,10,11,12,13,12,11,14,13,11,7,13,14,13,7,9],
  "Ni" : 1.00000,
  "Ka" : [1.00000,1.00000,1.00000],
  "d" : 1.00000,
  "Kd" : [0.41387,0.41387,0.41387],
  "illum" : 2,
  "Ks" : [0.16471,0.16471,0.16471],
  "Ns" : 96.07843
}