{
  "alias" : "Sign_Bra35_Sign_Bra35_Color_06",
  "vertices" : [0.643471,2.325,-0.94724,0.643471,2.297802,-0.94424,0.643471,2.095,-0.79724,0.643471,2.092,-0.92224,0.649971,2.092,-0.92224,0.649971,2.084,-0.92224,0.640471,2.092,-0.92224,0.643471,2.092,-0.87624,0.649971,2.084,-0.87624,0.640471,2.092,-0.87624,0.649971,2.092,-0.87624,0.649971,2.092,-0.86824,0.649971,2.084,-0.86824,0.643471,2.092,-0.86824,0.649971,2.084,-0.82224,0.640471,2.092,-0.82224,0.649971,2.092,-0.82224,0.649971,2.092,-0.81424,0.640471,2.092,-0.81424,0.643471,2.092,-0.81424,0.643471,2.092,-0.79724,0.640471,2.092,-0.79724,0.640471,2.095,-0.79724,0.640471,2.297802,-0.94424,0.640471,2.325,-0.94724,0.640471,2.325,-0.94424,0.643471,2.325,-0.94424,0.640471,2.303,-0.94424,0.643471,2.303,-0.94424,0.643471,2.198687,-0.874192,0.640471,2.198687,-0.874192,0.643471,2.149129,-0.94424,0.643471,2.097121,-0.802413,0.643471,2.196237,-0.872461,0.640471,2.097121,-0.802413,0.643471,2.146679,-0.942509,0.643471,2.144109,-0.94424,0.643471,2.095,-0.805412,0.640471,2.095,-0.805412,0.640471,2.095,-0.94424,0.643471,2.095,-0.94424,0.640471,2.146679,-0.942509,0.640471,2.196237,-0.872461,0.640471,2.144109,-0.94424,0.640471,2.149129,-0.94424,0.640471,2.092,-0.93024,0.633971,2.092,-0.81424,0.633971,2.092,-0.82224,0.633971,2.084,-0.81424,0.633971,2.084,-0.82224,0.640471,2.092,-0.86824,0.633971,2.092,-0.87624,0.633971,2.092,-0.86824,0.633971,2.084,-0.86824,0.633971,2.084,-0.87624,0.633971,2.092,-0.92224,0.633971,2.084,-0.92224,0.633971,2.084,-0.93024,0.633971,2.092,-0.93024,0.649971,2.084,-0.93024,0.649971,2.092,-0.93024,0.643471,2.092,-0.93024,0.643471,2.092,-0.94724,0.640471,2.092,-0.94724,0.643471,2.092,-0.82224,0.649971,2.084,-0.81424],
  "indices" : [42,22,30,27,23,22,23,29,30,36,62,31,45,22,39,0,26,62,20,40,2,38,41,43,44,42,30,28,62,26,3,61,7,1,62,28,31,62,1,63,27,24,39,22,38,23,27,63,21,19,20,30,22,23,34,22,42,38,22,34,44,1,23,36,38,43,62,7,61,25,24,27,7,62,20,40,62,36,28,2,1,29,1,2,15,13,64,9,3,7,33,29,2,32,33,2,34,35,41,26,24,25,31,33,35,40,37,2,37,32,2,37,35,32,39,43,63,43,44,63,41,44,43,28,25,27,39,36,43,35,36,31,30,31,44,44,23,63,45,39,63,9,21,45,18,21,9,15,18,9,2,27,22,21,2,22,42,35,33,50,15,9,6,9,45,62,45,63,24,62,63,42,32,34,38,40,39,19,64,20,64,13,20,13,7,20,23,1,29,45,21,22,20,62,40,38,34,41,44,41,42,21,18,19,44,31,1,36,37,38,15,50,13,9,6,3,34,32,35,26,0,24,31,29,33,37,36,35,28,26,25,39,40,36,30,29,31,2,28,27,21,20,2,42,41,35,62,61,45,24,0,62,42,33,32,38,37,40],
  "Ni" : 1.00000,
  "Ka" : [1.00000,1.00000,1.00000],
  "d" : 1.00000,
  "Kd" : [0.44549,0.44549,0.44549],
  "illum" : 2,
  "Ks" : [0.16471,0.16471,0.16471],
  "Ns" : 96.07843
}