{
  "alias" : "Mesh117_Mesh117__1",
  "vertices" : [0.554271,1.596,-0.07174,0.514271,1.446,-0.07174,0.554271,1.446,-0.07174,0.514271,1.596,-0.07174],
  "indices" : [0,1,2,1,0,3],
  "Ni" : 1.00000,
  "Ka" : [1.00000,1.00000,1.00000],
  "d" : 1.00000,
  "Kd" : [0.76407,0.72387,0.58780],
  "illum" : 2,
  "Ks" : [0.16471,0.16471,0.16471],
  "Ns" : 96.07843
}