{
  "alias" : "Door_Fro11_Door_Fro11_Buff",
  "vertices" : [0.253471,1.862,-0.60874,0.253471,1.917,-0.61374,0.253471,1.862,-0.63874,0.253471,1.942,-0.60874,0.253471,1.9265,-0.61374,0.253471,1.9275,-0.61374,0.253471,1.937,-0.61374,0.253471,1.937,-0.62324,0.253471,1.937,-0.62424,0.253471,1.937,-0.63374,0.253471,1.942,-0.63874,0.253471,1.9275,-0.63374,0.253471,1.9265,-0.63374,0.253471,1.917,-0.63374,0.253471,1.8985,-0.63724,0.253471,1.8915,-0.63724,0.253471,1.8915,-0.63424,0.253471,1.8985,-0.63424,0.253471,1.917,-0.62324,0.253471,1.9265,-0.61374,0.253471,1.917,-0.62324,0.253471,1.917,-0.61374,0.253471,1.9265,-0.62324,0.253471,1.9265,-0.62324,0.253471,1.9265,-0.62424,0.253471,1.9275,-0.62324,0.253471,1.937,-0.61374,0.253471,1.9275,-0.62324,0.253471,1.9275,-0.61374,0.253471,1.937,-0.62324,0.253471,1.9275,-0.62424,0.253471,1.937,-0.62424,0.253471,1.9275,-0.63374,0.253471,1.9275,-0.62424,0.253471,1.937,-0.63374,0.253471,1.917,-0.63374,0.253471,1.9265,-0.62424,0.253471,1.9265,-0.63374,0.253471,1.917,-0.62424,0.253471,1.917,-0.62424,0.253471,1.896917,-0.635754,0.253471,1.896749,-0.636075,0.253471,1.896394,-0.636144,0.253471,1.896118,-0.635909,0.253471,1.89613,-0.635546,0.253471,1.896421,-0.63533,0.253471,1.896771,-0.635423],
  "indices" : [0,1,2,1,0,3,1,3,4,4,3,5,5,3,6,6,3,7,7,3,8,8,3,9,10,9,3,10,11,9,10,12,11,10,13,12,10,14,13,10,15,14,2,15,10,15,2,16,2,1,16,16,1,17,17,1,14,13,14,1,13,1,18,4,5,23,23,5,24,24,5,12,11,12,5,11,5,25,7,30,25,30,7,8,11,25,30,13,18,39,23,39,18,39,23,24],
  "Ni" : 1.00000,
  "Ka" : [1.00000,1.00000,1.00000],
  "d" : 1.00000,
  "Kd" : [0.77490,0.73412,0.59608],
  "illum" : 2,
  "Ks" : [0.16471,0.16471,0.16471],
  "Ns" : 96.07843
}