{
  "alias" : "Mesh389_Mesh389_Fencing_",
  "vertices" : [0.643471,2.249,-0.60574,0.643471,2.252,-0.60574,0.799471,2.249,-0.74974,0.643471,2.249,-0.74974,0.799471,2.252,-0.74974,0.643471,2.252,-0.74974,0.655471,2.252,-0.73774,0.799471,2.252,-0.60574,0.799471,2.249,-0.60574,0.799471,2.234,-0.60574,0.643471,2.111,-0.60574,0.799471,2.111,-0.60574,0.643471,2.108,-0.60574,0.799471,2.108,-0.60574,0.799471,2.084,-0.60574,0.799471,2.084,-0.61174,0.799471,2.108,-0.61174,0.799471,2.108,-0.74374,0.799471,2.084,-0.74374,0.799471,2.108,-0.74974,0.799471,2.084,-0.74974,0.793471,2.084,-0.74974,0.793471,2.108,-0.74974,0.649471,2.084,-0.74974,0.649471,2.108,-0.74974,0.643471,2.084,-0.74974,0.643471,2.084,-0.74374,0.643471,2.108,-0.74974,0.643471,2.084,-0.61174,0.643471,2.108,-0.74374,0.643471,2.084,-0.60574,0.643471,2.108,-0.61174,0.649471,2.084,-0.60574,0.793471,2.108,-0.60574,0.649471,2.108,-0.60574,0.793471,2.084,-0.60574,0.643471,2.111,-0.74974,0.799471,2.111,-0.74974,0.815471,2.252,-0.73774,0.787471,2.252,-0.73774,0.682471,2.252,-0.61774,0.655471,2.252,-0.61774,0.668971,2.24,-0.73774,0.682471,2.24,-0.61774,0.682471,2.252,-0.73774,0.682471,2.24,-0.73774,0.668971,2.24,-0.61774,0.690471,2.252,-0.61774,0.717471,2.252,-0.61774,0.787471,2.252,-0.61774,0.725471,2.252,-0.73774,0.717471,2.24,-0.61774,0.703971,2.24,-0.61774,0.717471,2.24,-0.73774,0.717471,2.252,-0.73774,0.703971,2.24,-0.73774,0.690471,2.252,-0.73774,0.738971,2.24,-0.61774,0.752471,2.24,-0.73774,0.752471,2.24,-0.61774,0.752471,2.252,-0.73774,0.725471,2.252,-0.61774,0.752471,2.252,-0.61774,0.738971,2.24,-0.73774,0.760471,2.252,-0.73774,0.760471,2.252,-0.61774,0.773971,2.24,-0.73774,0.787471,2.24,-0.61774,0.773971,2.24,-0.61774,0.787471,2.24,-0.73774,0.823471,2.252,-0.60574,0.823471,2.24,-0.74974,0.823471,2.252,-0.74974,0.815471,2.238,-0.61774,0.823471,2.24,-0.60574,0.799471,2.234,-0.61774,0.799471,2.234,-0.74974,0.815471,2.238,-0.73774,0.799471,2.249,-0.61774,0.815471,2.252,-0.61774,0.799471,2.252,-0.61774,0.799471,2.249,-0.73774,0.799471,2.252,-0.73774,0.799471,2.234,-0.73774],
  "indices" : [6,40,44,40,6,41,64,49,39,49,64,65,50,62,60,62,50,61,56,48,54,48,56,47],
  "Ni" : 1.00000,
  "Ka" : [1.00000,1.00000,1.00000],
  "d" : 1.00000,
  "Kd" : [0.49255,0.48628,0.48000],
  "illum" : 2,
  "Ks" : [0.16471,0.16471,0.16471],
  "Ns" : 96.07843
}