{
  "alias" : "Arch13_Arch13_Color_03",
  "vertices" : [0.691138,2.199,-0.97574,0.691138,2.188,-0.97674,0.691138,2.0895,-0.97574,0.691138,2.199,-0.99074,0.691138,2.19,-0.98299,0.691138,2.188,-0.98924,0.691138,2.182,-0.98924,0.691138,2.040483,-0.98924,0.691138,2.036,-0.98924,0.691138,1.904,-0.99074,0.691138,1.904,-0.98674,0.691138,2.036,-0.98674,0.691138,2.199,-0.99074,0.706138,1.904,-0.99074,0.691138,1.904,-0.99074,0.706138,2.199,-0.99074,0.706138,2.199,-0.99074,0.706138,2.036,-0.98924,0.706138,1.904,-0.99074,0.706138,2.040483,-0.98924,0.706138,2.182,-0.98924,0.706138,2.188,-0.98924,0.706138,2.19,-0.98299,0.706138,2.188,-0.97674,0.706138,2.199,-0.97574,0.706138,2.182,-0.97674,0.706138,2.0895,-0.97824,0.706138,2.0895,-0.97574,0.691138,2.199,-0.97574,0.706138,2.0895,-0.97574,0.706138,2.199,-0.97574,0.691138,2.0895,-0.97574,0.691138,2.0895,-0.97574,0.706138,2.088,-0.97574,0.706138,2.0895,-0.97574,0.691138,2.088,-0.97574,0.691138,2.0895,-0.97824,0.691138,2.088,-0.97574,0.691138,2.0895,-0.97574,0.691138,2.088,-0.97824,0.691138,2.084,-0.97574,0.691138,2.084,-0.97824,0.706138,2.084,-0.97574,0.691138,2.084,-0.97574,0.706138,2.084,-0.97824,0.706138,2.088,-0.97574,0.706138,2.084,-0.97574,0.706138,2.088,-0.97824,0.706138,2.0895,-0.97574,0.706138,2.0895,-0.97824,0.691138,2.182,-0.97674,0.691138,2.0895,-0.97824,0.691138,2.182,-0.97824,0.706138,2.182,-0.97824,0.706138,2.040483,-0.98774,0.706138,2.182,-0.98774,0.706138,2.036,-0.98674,0.706138,1.904,-0.98674,0.691138,2.040483,-0.98774,0.691138,2.182,-0.98774],
  "indices" : [32,33,34,33,32,35,36,37,38,37,36,39,39,40,37,40,39,41,42,35,43,35,42,33,44,45,46,45,44,47,47,48,45,48,47,49],
  "Ni" : 1.00000,
  "Ka" : [1.00000,1.00000,1.00000],
  "d" : 1.00000,
  "Kd" : [0.53333,0.53333,0.53333],
  "illum" : 2,
  "Ks" : [0.16471,0.16471,0.16471],
  "Ns" : 96.07843
}