{
  "alias" : "Cap30_Cap30_Color_00",
  "vertices" : [1.207738,1.927,-0.08774,1.210738,1.919,-0.07774,1.210738,1.919,-0.09074,1.207738,1.927,-0.08074,1.207738,1.927,-0.08774,1.204238,1.93,-0.08424,1.207738,1.927,-0.08074,1.207738,1.927,-0.08774,1.200738,1.927,-0.08774,1.204238,1.93,-0.08424,1.207738,1.927,-0.08774,1.197738,1.919,-0.09074,1.200738,1.927,-0.08774,1.210738,1.919,-0.09074,1.210738,1.919,-0.09074,1.197738,1.915,-0.09074,1.197738,1.919,-0.09074,1.210738,1.915,-0.09074,1.210738,1.919,-0.09074,1.210738,1.915,-0.07774,1.210738,1.915,-0.09074,1.210738,1.919,-0.07774,1.197738,1.919,-0.07774,1.210738,1.915,-0.07774,1.210738,1.919,-0.07774,1.197738,1.915,-0.07774,1.197738,1.919,-0.07774,1.197738,1.915,-0.09074,1.197738,1.915,-0.07774,1.197738,1.919,-0.09074,1.200738,1.927,-0.08074,1.197738,1.919,-0.09074,1.197738,1.919,-0.07774,1.200738,1.927,-0.08774,1.200738,1.927,-0.08774,1.200738,1.927,-0.08074,1.204238,1.93,-0.08424,1.204238,1.93,-0.08424,1.200738,1.927,-0.08074,1.207738,1.927,-0.08074,1.197738,1.919,-0.07774,1.207738,1.927,-0.08074,1.200738,1.927,-0.08074,1.210738,1.919,-0.07774,1.197738,1.915,-0.07774,1.196738,1.915,-0.09174,1.197738,1.915,-0.09074,1.196738,1.915,-0.07674,1.211738,1.915,-0.07674,1.210738,1.915,-0.07774,1.211738,1.915,-0.09174,1.210738,1.915,-0.09074],
  "indices" : [44,45,46,44,47,45,47,44,48,49,48,44,48,49,50,50,49,51,50,51,45,46,45,51],
  "Ni" : 1.00000,
  "Ka" : [1.00000,1.00000,1.00000],
  "d" : 1.00000,
  "Kd" : [0.41387,0.41387,0.41387],
  "illum" : 2,
  "Ks" : [0.16471,0.16471,0.16471],
  "Ns" : 96.07843
}