{
  "alias" : "Door_Fro07_Door_Fro07_Buff",
  "vertices" : [1.573471,1.862,-0.63874,1.573471,1.917,-0.61374,1.573471,1.862,-0.60874,1.573471,1.8915,-0.63424,1.573471,1.8985,-0.63424,1.573471,1.8985,-0.63724,1.573471,1.917,-0.63374,1.573471,1.942,-0.63874,1.573471,1.8915,-0.63724,1.573471,1.896394,-0.636144,1.573471,1.896749,-0.636075,1.573471,1.896917,-0.635754,1.573471,1.896771,-0.635423,1.573471,1.896421,-0.63533,1.573471,1.89613,-0.635546,1.573471,1.896118,-0.635909,1.573471,1.9265,-0.63374,1.573471,1.9265,-0.63374,1.573471,1.9265,-0.62424,1.573471,1.917,-0.63374,1.573471,1.9275,-0.61374,1.573471,1.9265,-0.62424,1.573471,1.9275,-0.63374,1.573471,1.937,-0.63374,1.573471,1.937,-0.63374,1.573471,1.937,-0.62424,1.573471,1.9275,-0.63374,1.573471,1.942,-0.60874,1.573471,1.937,-0.62424,1.573471,1.937,-0.62324,1.573471,1.937,-0.61374,1.573471,1.9265,-0.61374,1.573471,1.917,-0.61374,1.573471,1.917,-0.62324,1.573471,1.9265,-0.61374,1.573471,1.917,-0.62324,1.573471,1.917,-0.62424,1.573471,1.9265,-0.62324,1.573471,1.9265,-0.62324,1.573471,1.917,-0.62424,1.573471,1.9275,-0.61374,1.573471,1.9275,-0.62324,1.573471,1.937,-0.61374,1.573471,1.9275,-0.62324,1.573471,1.9275,-0.62424,1.573471,1.9275,-0.62424,1.573471,1.937,-0.62324],
  "indices" : [0,1,2,0,3,1,4,1,3,5,1,4,1,5,6,6,5,7,5,8,7,3,0,8,0,7,8,16,6,7,16,20,21,20,16,22,22,16,7,23,22,7,23,27,28,27,23,7,28,27,29,29,27,30,30,27,20,20,27,31,31,27,1,27,2,1,35,1,6,36,35,6,35,36,37,21,37,36,21,20,37,37,20,31,43,20,22,44,43,22,43,44,29,28,29,44],
  "Ni" : 1.00000,
  "Ka" : [1.00000,1.00000,1.00000],
  "d" : 1.00000,
  "Kd" : [0.77490,0.73412,0.59608],
  "illum" : 2,
  "Ks" : [0.16471,0.16471,0.16471],
  "Ns" : 96.07843
}