{
  "alias" : "Mesh109_Mesh109__1",
  "vertices" : [1.765471,1.296,-0.99574,1.765471,1.446,-0.93574,1.765471,1.296,-0.93574,1.765471,1.446,-0.99574],
  "indices" : [0,1,2,1,0,3],
  "Ni" : 1.00000,
  "Ka" : [1.00000,1.00000,1.00000],
  "d" : 1.00000,
  "Kd" : [0.76407,0.72387,0.58780],
  "illum" : 2,
  "Ks" : [0.16471,0.16471,0.16471],
  "Ns" : 96.07843
}