{
  "alias" : "Arch_1_6_Arch_1_6__1",
  "vertices" : [1.403571,2.088,-0.97824,1.403571,2.084,-0.97574,1.403571,2.088,-0.97574,1.403571,2.084,-0.97824,1.403571,2.084,-0.97574,1.418571,2.088,-0.97574,1.403571,2.088,-0.97574,1.418571,2.084,-0.97574,1.418571,2.084,-0.97824,1.418571,2.088,-0.97574,1.418571,2.084,-0.97574,1.418571,2.088,-0.97824,1.418571,2.0895,-0.97574,1.418571,2.0895,-0.97824,1.418571,2.0895,-0.97824,1.418571,2.143,-0.97574,1.418571,2.0895,-0.97574,1.418571,2.126,-0.97674,1.418571,2.126,-0.97824,1.418571,2.132,-0.97674,1.418571,2.143,-0.99074,1.418571,2.134,-0.98299,1.418571,2.132,-0.98924,1.418571,2.126,-0.98924,1.418571,2.040483,-0.98924,1.418571,2.040483,-0.98774,1.418571,2.126,-0.98774,1.418571,2.036,-0.98924,1.418571,1.8675,-0.99074,1.418571,1.904,-0.98874,1.418571,1.901,-0.98874,1.418571,1.901,-0.98674,1.418571,1.8675,-0.98674,1.418571,1.8675,-0.98674,1.418571,1.866,-0.99074,1.418571,1.8675,-0.99074,1.418571,1.866,-0.98674,1.418571,1.862,-0.99074,1.418571,1.862,-0.98674,1.418571,1.862,-0.99074,1.403571,1.866,-0.99074,1.418571,1.866,-0.99074,1.403571,1.862,-0.99074,1.403571,1.862,-0.98674,1.403571,1.866,-0.99074,1.403571,1.862,-0.99074,1.403571,1.866,-0.98674,1.403571,1.8675,-0.99074,1.403571,1.8675,-0.98674,1.403571,1.8675,-0.98674,1.403571,1.901,-0.98874,1.403571,1.8675,-0.99074,1.403571,1.901,-0.98674,1.403571,2.036,-0.98924,1.403571,1.904,-0.98874,1.403571,2.036,-0.98674,1.403571,1.904,-0.98674,1.403571,2.143,-0.99074,1.403571,2.040483,-0.98924,1.403571,2.126,-0.98924,1.403571,2.132,-0.98924,1.403571,2.134,-0.98299,1.403571,2.132,-0.97674,1.403571,2.143,-0.97574,1.403571,2.0895,-0.97574,1.403571,2.126,-0.97674,1.403571,2.0895,-0.97824,1.403571,2.126,-0.97824,1.403571,2.0895,-0.97824,1.403571,2.0895,-0.97574,1.418571,2.0895,-0.97574,1.403571,2.0895,-0.97574,1.418571,2.143,-0.97574,1.403571,2.0895,-0.97574,1.418571,2.0895,-0.97574,1.403571,2.143,-0.97574,1.403571,2.040483,-0.98774,1.403571,2.126,-0.98774,1.403571,2.143,-0.99074,1.418571,1.8675,-0.99074,1.403571,1.8675,-0.99074,1.418571,2.143,-0.99074,1.403571,1.8675,-0.99074,1.418571,1.8675,-0.99074,1.418571,2.036,-0.98674,1.418571,1.904,-0.98674],
  "indices" : [14,15,16,15,14,17,17,14,18,19,15,17,15,19,20,20,19,21,20,21,22,20,22,23,20,23,24,23,25,24,25,23,26,20,24,27,20,27,28,29,28,27,30,28,29,31,28,30,28,31,32,49,50,51,50,49,52,51,50,53,54,53,50,54,55,53,55,54,56,51,53,57,58,57,53,59,57,58,60,57,59,61,57,60,62,57,61,62,63,57,63,62,64,65,64,62,64,65,66,66,65,67,72,73,74,73,72,75,76,59,58,59,76,77,78,79,80,79,78,81,84,29,27,29,84,85],
  "Ni" : 1.00000,
  "Ka" : [1.00000,1.00000,1.00000],
  "d" : 1.00000,
  "Kd" : [0.76407,0.72387,0.58780],
  "illum" : 2,
  "Ks" : [0.16471,0.16471,0.16471],
  "Ns" : 96.07843
}