{
  "alias" : "Mesh239_Mesh239_Color_06",
  "vertices" : [0.291471,2.252,-0.35374,0.291471,2.250087,-0.35374,0.291471,2.252,-0.356158,0.291471,2.1995,-0.417697,0.291471,2.201413,-0.420115,0.291471,2.197587,-0.420115,0.291471,2.147,-0.356158,0.291471,2.147,-0.35374,0.291471,2.148913,-0.35374,0.291471,2.252,-0.484072,0.291471,2.1995,-0.422533,0.291471,2.250087,-0.48649,0.291471,2.252,-0.48649,0.291471,2.147,-0.484072,0.291471,2.148913,-0.48649,0.291471,2.147,-0.48649],
  "indices" : [0,1,2,3,2,1,4,2,3,4,3,5,5,3,6,6,3,7,8,7,3,9,4,5,10,9,5,11,9,10,12,9,11,5,13,10,14,10,13,15,14,13],
  "Ni" : 1.00000,
  "Ka" : [1.00000,1.00000,1.00000],
  "d" : 1.00000,
  "Kd" : [0.44549,0.44549,0.44549],
  "illum" : 2,
  "Ks" : [0.16471,0.16471,0.16471],
  "Ns" : 96.07843
}