{
  "alias" : "Mesh389_Mesh389_Color_03",
  "vertices" : [0.643471,2.249,-0.60574,0.643471,2.252,-0.60574,0.799471,2.249,-0.74974,0.643471,2.249,-0.74974,0.799471,2.252,-0.74974,0.643471,2.252,-0.74974,0.655471,2.252,-0.73774,0.799471,2.252,-0.60574,0.799471,2.249,-0.60574,0.799471,2.234,-0.60574,0.643471,2.111,-0.60574,0.799471,2.111,-0.60574,0.643471,2.108,-0.60574,0.799471,2.108,-0.60574,0.799471,2.084,-0.60574,0.799471,2.084,-0.61174,0.799471,2.108,-0.61174,0.799471,2.108,-0.74374,0.799471,2.084,-0.74374,0.799471,2.108,-0.74974,0.799471,2.084,-0.74974,0.793471,2.084,-0.74974,0.793471,2.108,-0.74974,0.649471,2.084,-0.74974,0.649471,2.108,-0.74974,0.643471,2.084,-0.74974,0.643471,2.084,-0.74374,0.643471,2.108,-0.74974,0.643471,2.084,-0.61174,0.643471,2.108,-0.74374,0.643471,2.084,-0.60574,0.643471,2.108,-0.61174,0.649471,2.084,-0.60574,0.793471,2.108,-0.60574,0.649471,2.108,-0.60574,0.793471,2.084,-0.60574,0.643471,2.111,-0.74974,0.799471,2.111,-0.74974,0.815471,2.252,-0.73774,0.787471,2.252,-0.73774,0.682471,2.252,-0.61774,0.655471,2.252,-0.61774,0.668971,2.24,-0.73774,0.682471,2.24,-0.61774,0.682471,2.252,-0.73774,0.682471,2.24,-0.73774,0.668971,2.24,-0.61774,0.690471,2.252,-0.61774,0.717471,2.252,-0.61774,0.787471,2.252,-0.61774,0.725471,2.252,-0.73774,0.717471,2.24,-0.61774,0.703971,2.24,-0.61774,0.717471,2.24,-0.73774,0.717471,2.252,-0.73774,0.703971,2.24,-0.73774,0.690471,2.252,-0.73774,0.738971,2.24,-0.61774,0.752471,2.24,-0.73774,0.752471,2.24,-0.61774,0.752471,2.252,-0.73774,0.725471,2.252,-0.61774,0.752471,2.252,-0.61774,0.738971,2.24,-0.73774,0.760471,2.252,-0.73774,0.760471,2.252,-0.61774,0.773971,2.24,-0.73774,0.787471,2.24,-0.61774,0.773971,2.24,-0.61774,0.787471,2.24,-0.73774,0.823471,2.252,-0.60574,0.823471,2.24,-0.74974,0.823471,2.252,-0.74974,0.815471,2.238,-0.61774,0.823471,2.24,-0.60574,0.799471,2.234,-0.61774,0.799471,2.234,-0.74974,0.815471,2.238,-0.73774,0.799471,2.249,-0.61774,0.815471,2.252,-0.61774,0.799471,2.252,-0.61774,0.799471,2.249,-0.73774,0.799471,2.252,-0.73774,0.799471,2.234,-0.73774],
  "indices" : [0,7,1,7,0,8,0,9,8,10,9,0,9,10,11,12,11,10,31,30,12,12,36,31,36,12,10,55,54,56,79,78,80,5,0,1,0,5,3,5,2,3,2,5,4,5,6,4,6,5,41,1,41,5,41,1,7,34,11,12,33,11,34,11,33,13,35,13,33,13,35,14,15,13,14,13,15,16,20,17,18,17,20,19,20,22,19,22,20,21,23,27,24,27,23,25,26,27,25,27,26,29,30,31,28,30,34,12,34,30,32,10,3,36,3,10,0,3,37,36,37,3,76,76,3,2,2,71,76,71,2,72,72,2,4,4,38,72,38,4,82,4,80,82,4,7,80,4,39,7,4,64,39,4,60,64,4,50,60,4,54,50,4,56,54,4,44,56,4,6,44,43,41,40,41,43,46,41,7,40,40,7,47,47,7,48,48,7,61,61,7,62,62,7,65,65,7,49,49,7,39,60,65,64,65,60,62,54,61,50,61,54,48,51,47,48,47,51,52,54,55,53,44,47,56,47,44,40,59,61,62,61,59,57,60,63,58,63,60,50,67,65,49,65,67,68,39,66,69,66,39,64,44,42,45,42,44,6,70,80,7,80,70,79,79,70,38,72,38,70,70,71,72,71,70,74,8,74,70,74,8,9,9,73,74,73,9,75,9,37,75,37,9,11,11,16,37,16,11,13,37,16,17,37,17,19,19,36,37,22,36,19,24,36,22,36,24,27,29,36,27,31,36,29,75,37,78,78,37,83,83,37,76,71,83,76,83,71,77,77,71,73,74,73,71,73,38,77,38,73,79,73,78,79,78,73,75,81,80,78,80,81,82,81,38,82,81,77,38,77,81,83,81,78,83,8,70,7],
  "Ni" : 1.00000,
  "Ka" : [1.00000,1.00000,1.00000],
  "d" : 1.00000,
  "Kd" : [0.53333,0.53333,0.53333],
  "illum" : 2,
  "Ks" : [0.16471,0.16471,0.16471],
  "Ns" : 96.07843
}