{
  "alias" : "Mesh628_Mesh628_Buff",
  "vertices" : [1.743721,1.886,-0.583636,1.743721,1.885,-0.561636,1.743721,1.886,-0.561636,1.743721,1.885,-0.583636],
  "indices" : [0,1,2,1,0,3],
  "Ni" : 1.00000,
  "Ka" : [1.00000,1.00000,1.00000],
  "d" : 1.00000,
  "Kd" : [0.77490,0.73412,0.59608],
  "illum" : 2,
  "Ks" : [0.16471,0.16471,0.16471],
  "Ns" : 96.07843
}