{
  "alias" : "Mesh629_Mesh629_Buff",
  "vertices" : [1.766221,1.905,-0.583636,1.766221,1.904,-0.561636,1.766221,1.905,-0.561636,1.766221,1.904,-0.583636],
  "indices" : [0,1,2,1,0,3],
  "Ni" : 1.00000,
  "Ka" : [1.00000,1.00000,1.00000],
  "d" : 1.00000,
  "Kd" : [0.77490,0.73412,0.59608],
  "illum" : 2,
  "Ks" : [0.16471,0.16471,0.16471],
  "Ns" : 96.07843
}