{
  "alias" : "Mesh634_Mesh634_Buff",
  "vertices" : [0.513221,1.886,-1.049905,0.513221,1.885,-1.027905,0.513221,1.886,-1.027905,0.513221,1.885,-1.049905],
  "indices" : [0,1,2,1,0,3],
  "Ni" : 1.00000,
  "Ka" : [1.00000,1.00000,1.00000],
  "d" : 1.00000,
  "Kd" : [0.77490,0.73412,0.59608],
  "illum" : 2,
  "Ks" : [0.16471,0.16471,0.16471],
  "Ns" : 96.07843
}