{
  "alias" : "Cap39_Cap39_Color_00",
  "vertices" : [0.077471,1.927,-0.808851,0.067471,1.919,-0.805851,0.080471,1.919,-0.805851,0.070471,1.927,-0.808851,0.077471,1.927,-0.808851,0.073971,1.93,-0.812351,0.070471,1.927,-0.808851,0.077471,1.927,-0.808851,0.077471,1.927,-0.815851,0.073971,1.93,-0.812351,0.077471,1.927,-0.808851,0.080471,1.919,-0.818851,0.077471,1.927,-0.815851,0.080471,1.919,-0.805851,0.080471,1.919,-0.805851,0.080471,1.915,-0.818851,0.080471,1.919,-0.818851,0.080471,1.915,-0.805851,0.080471,1.919,-0.805851,0.067471,1.915,-0.805851,0.080471,1.915,-0.805851,0.067471,1.919,-0.805851,0.067471,1.919,-0.818851,0.067471,1.915,-0.805851,0.067471,1.919,-0.805851,0.067471,1.915,-0.818851,0.067471,1.919,-0.818851,0.080471,1.915,-0.818851,0.067471,1.915,-0.818851,0.080471,1.919,-0.818851,0.070471,1.927,-0.815851,0.080471,1.919,-0.818851,0.067471,1.919,-0.818851,0.077471,1.927,-0.815851,0.077471,1.927,-0.815851,0.070471,1.927,-0.815851,0.073971,1.93,-0.812351,0.073971,1.93,-0.812351,0.070471,1.927,-0.815851,0.070471,1.927,-0.808851,0.067471,1.919,-0.818851,0.070471,1.927,-0.808851,0.070471,1.927,-0.815851,0.067471,1.919,-0.805851,0.067471,1.915,-0.818851,0.081471,1.915,-0.819851,0.080471,1.915,-0.818851,0.066471,1.915,-0.819851,0.066471,1.915,-0.804851,0.067471,1.915,-0.805851,0.081471,1.915,-0.804851,0.080471,1.915,-0.805851],
  "indices" : [44,45,46,44,47,45,47,44,48,49,48,44,48,49,50,50,49,51,50,51,45,46,45,51],
  "Ni" : 1.00000,
  "Ka" : [1.00000,1.00000,1.00000],
  "d" : 1.00000,
  "Kd" : [0.41387,0.41387,0.41387],
  "illum" : 2,
  "Ks" : [0.16471,0.16471,0.16471],
  "Ns" : 96.07843
}