{
  "alias" : "DoorKnob10_DoorKnob10_Color_02",
  "vertices" : [1.753971,1.630181,-0.238699,1.753971,1.629356,-0.237994,1.753971,1.631246,-0.238493,1.753971,1.630181,-0.238699,1.755171,1.630181,-0.238699,1.753971,1.629356,-0.237994,1.755171,1.630181,-0.238699,1.753971,1.630181,-0.238699,1.755171,1.631246,-0.238493,1.753971,1.631246,-0.238493,1.753971,1.631246,-0.238493,1.753971,1.631749,-0.237532,1.755171,1.631246,-0.238493,1.753971,1.631749,-0.237532,1.753971,1.630749,-0.237825,1.753971,1.630394,-0.237894,1.753971,1.630118,-0.237659,1.753971,1.629393,-0.23691,1.753971,1.63013,-0.237296,1.753971,1.630118,-0.237659,1.753971,1.63013,-0.237296,1.753471,1.630118,-0.237659,1.753471,1.63013,-0.237296,1.753471,1.63013,-0.237296,1.753971,1.63013,-0.237296,1.753471,1.630421,-0.23708,1.753971,1.630421,-0.23708,1.753471,1.630421,-0.23708,1.753971,1.630421,-0.23708,1.753471,1.630771,-0.237172,1.753971,1.630771,-0.237172,1.753971,1.630771,-0.237172,1.753971,1.630917,-0.237504,1.753471,1.630771,-0.237172,1.753971,1.630771,-0.237172,1.753971,1.631312,-0.236539,1.753971,1.630917,-0.237504,1.753971,1.630421,-0.23708,1.753971,1.630263,-0.236263,1.753971,1.630263,-0.236263,1.755171,1.630263,-0.236263,1.753971,1.631312,-0.236539,1.755171,1.630263,-0.236263,1.753971,1.630263,-0.236263,1.755171,1.629393,-0.23691,1.753971,1.629393,-0.23691,1.753971,1.629393,-0.23691,1.753971,1.629356,-0.237994,1.755171,1.629393,-0.23691,1.755171,1.629356,-0.237994,1.755171,1.629393,-0.23691,1.755171,1.629356,-0.237994,1.755171,1.631749,-0.237532,1.755171,1.631246,-0.238493,1.755171,1.630181,-0.238699,1.755171,1.629356,-0.237994,1.755171,1.631749,-0.237532,1.753971,1.631749,-0.237532,1.753971,1.631312,-0.236539,1.755171,1.631749,-0.237532,1.753971,1.630917,-0.237504,1.753971,1.630749,-0.237825,1.753471,1.630917,-0.237504,1.753471,1.630749,-0.237825,1.753471,1.630749,-0.237825,1.753971,1.630749,-0.237825,1.753471,1.630394,-0.237894,1.753971,1.630394,-0.237894,1.753471,1.630394,-0.237894,1.753971,1.630394,-0.237894,1.753471,1.630118,-0.237659,1.753971,1.630118,-0.237659,1.753471,1.630917,-0.237504,1.755171,1.631312,-0.236539,1.755171,1.631312,-0.236539,1.755171,1.630263,-0.236263,1.755171,1.631312,-0.236539],
  "indices" : [0,1,2,3,4,5,6,7,8,9,8,7,10,11,12,13,2,14,14,2,15,15,2,1,15,1,16,17,16,1,18,16,17,19,20,21,22,21,20,23,24,25,26,25,24,27,28,29,30,29,28,31,32,33,34,35,36,37,35,34,17,35,37,38,35,17,39,40,41,42,43,44,45,44,43,46,47,48,49,48,47,50,51,52,52,51,53,54,53,51,55,5,4,56,12,11,57,58,59,35,13,36,36,13,14,60,61,62,63,62,61,64,65,66,67,66,65,68,69,70,71,70,69,72,33,32,73,59,58,74,50,52,75,50,74,76,41,40,37,18,17],
  "Ni" : 1.00000,
  "Ka" : [1.00000,1.00000,1.00000],
  "d" : 1.00000,
  "Kd" : [0.09412,0.09412,0.09412],
  "illum" : 2,
  "Ks" : [0.16471,0.16471,0.16471],
  "Ns" : 96.07843
}