{
  "alias" : "Cap36_Cap36_Color_00",
  "vertices" : [1.648971,1.927,-0.08774,1.651971,1.919,-0.07774,1.651971,1.919,-0.09074,1.648971,1.927,-0.08074,1.648971,1.927,-0.08774,1.645471,1.93,-0.08424,1.648971,1.927,-0.08074,1.648971,1.927,-0.08774,1.641971,1.927,-0.08774,1.645471,1.93,-0.08424,1.648971,1.927,-0.08774,1.638971,1.919,-0.09074,1.641971,1.927,-0.08774,1.651971,1.919,-0.09074,1.651971,1.919,-0.09074,1.638971,1.915,-0.09074,1.638971,1.919,-0.09074,1.651971,1.915,-0.09074,1.651971,1.919,-0.09074,1.651971,1.915,-0.07774,1.651971,1.915,-0.09074,1.651971,1.919,-0.07774,1.638971,1.919,-0.07774,1.651971,1.915,-0.07774,1.651971,1.919,-0.07774,1.638971,1.915,-0.07774,1.638971,1.919,-0.07774,1.638971,1.915,-0.09074,1.638971,1.915,-0.07774,1.638971,1.919,-0.09074,1.641971,1.927,-0.08074,1.638971,1.919,-0.09074,1.638971,1.919,-0.07774,1.641971,1.927,-0.08774,1.641971,1.927,-0.08774,1.641971,1.927,-0.08074,1.645471,1.93,-0.08424,1.645471,1.93,-0.08424,1.641971,1.927,-0.08074,1.648971,1.927,-0.08074,1.638971,1.919,-0.07774,1.648971,1.927,-0.08074,1.641971,1.927,-0.08074,1.651971,1.919,-0.07774,1.638971,1.915,-0.07774,1.637971,1.915,-0.09174,1.638971,1.915,-0.09074,1.637971,1.915,-0.07674,1.652971,1.915,-0.07674,1.651971,1.915,-0.07774,1.652971,1.915,-0.09174,1.651971,1.915,-0.09074],
  "indices" : [44,45,46,44,47,45,47,44,48,49,48,44,48,49,50,50,49,51,50,51,45,46,45,51],
  "Ni" : 1.00000,
  "Ka" : [1.00000,1.00000,1.00000],
  "d" : 1.00000,
  "Kd" : [0.41387,0.41387,0.41387],
  "illum" : 2,
  "Ks" : [0.16471,0.16471,0.16471],
  "Ns" : 96.07843
}