{
  "alias" : "Mesh702_Mesh702_Foregrou",
  "vertices" : [1.765471,0.376,-0.753652,1.765471,0.376,-0.753662,1.766471,0.376,-0.753662,1.766471,0.376,-0.753662,1.766471,0.376,-0.753652,1.766431,0.376,-0.753657,1.766511,0.376,-0.753657,1.766511,0.384,-0.753657,1.766511,0.384,-0.753657,1.766431,0.384,-0.753657,1.766471,0.384,-0.753627,1.766471,0.384,-0.753687,1.772471,0.384,-0.753687,1.772471,0.384,-0.753687,1.772471,0.384,-0.753627,1.772461,0.384005,-0.753657,1.772481,0.383995,-0.753657,1.773481,0.385995,-0.753657,1.773481,0.385995,-0.753657,1.773461,0.386005,-0.753657,1.773466,0.386,-0.753657,1.773476,0.386,-0.753657,1.773476,0.387,-0.753657,1.773476,0.387,-0.753657,1.773466,0.387,-0.753657],
  "indices" : [0,1,2,0,3,4,5,6,7,8,9,5,10,11,12,13,14,10,15,16,17,18,19,15,20,21,22,23,24,20],
  "Ni" : 1.00000,
  "Ka" : [1.00000,1.00000,1.00000],
  "d" : 1.00000,
  "Kd" : [0.00000,0.00000,0.00000],
  "illum" : 2,
  "Ks" : [0.16471,0.16471,0.16471],
  "Ns" : 96.07843
}