{
  "alias" : "Footer6_Footer6_Color_00",
  "vertices" : [1.312671,1.904,-0.25174,1.312671,1.8675,-0.26074,1.312671,1.8675,-0.25174,1.312671,1.904,-0.26074,1.312671,1.866,-0.26074,1.312671,1.866,-0.25174,1.312671,1.862,-0.26074,1.312671,1.862,-0.25174,1.272671,1.862,-0.25174,1.272671,1.866,-0.25174,1.272671,1.862,-0.25174,1.272671,1.866,-0.25674,1.272671,1.866,-0.25174,1.272671,1.862,-0.25674,1.272671,1.8675,-0.25674,1.272671,1.8675,-0.25174,1.272671,1.904,-0.25674,1.272671,1.904,-0.25174,1.312671,1.904,-0.25174,1.272671,1.8675,-0.25174,1.272671,1.904,-0.25174,1.059871,1.904,-0.25174,1.059871,1.8675,-0.26074,1.059871,1.8675,-0.25174,1.059871,1.904,-0.26074,1.059871,1.866,-0.26074,1.059871,1.866,-0.25174,1.059871,1.862,-0.26074,1.059871,1.862,-0.25174,1.019871,1.862,-0.25174,1.019871,1.866,-0.25174,1.019871,1.862,-0.25174,1.019871,1.866,-0.25674,1.019871,1.866,-0.25174,1.019871,1.862,-0.25674,1.019871,1.8675,-0.25674,1.019871,1.8675,-0.25174,1.019871,1.904,-0.25674,1.019871,1.904,-0.25174,1.059871,1.904,-0.25174,1.019871,1.8675,-0.25174,1.019871,1.904,-0.25174,0.807071,1.904,-0.25174,0.807071,1.8675,-0.26074,0.807071,1.8675,-0.25174,0.807071,1.904,-0.26074,0.807071,1.866,-0.26074,0.807071,1.866,-0.25174,0.807071,1.862,-0.26074,0.807071,1.862,-0.25174,0.767071,1.862,-0.25174,0.767071,1.866,-0.25174,0.767071,1.862,-0.25174,0.767071,1.866,-0.25674,0.767071,1.866,-0.25174,0.767071,1.862,-0.25674,0.767071,1.8675,-0.25674,0.767071,1.8675,-0.25174,0.767071,1.904,-0.25674,0.767071,1.904,-0.25174,0.807071,1.904,-0.25174,0.767071,1.8675,-0.25174,0.767071,1.904,-0.25174,0.554271,1.904,-0.25174,0.554271,1.8675,-0.26074,0.554271,1.8675,-0.25174,0.554271,1.904,-0.26074,0.554271,1.866,-0.26074,0.554271,1.866,-0.25174,0.554271,1.862,-0.26074,0.554271,1.862,-0.25174,0.514271,1.862,-0.25174,0.514271,1.866,-0.25174,0.514271,1.862,-0.25174,0.514271,1.866,-0.25674,0.514271,1.866,-0.25174,0.514271,1.862,-0.25674,0.514271,1.8675,-0.25674,0.514271,1.8675,-0.25174,0.514271,1.904,-0.25674,0.514271,1.904,-0.25174,0.554271,1.904,-0.25174,0.514271,1.8675,-0.25174,0.514271,1.904,-0.25174],
  "indices" : [1,5,4,25,28,27,7,9,8,15,11,14,20,2,18,13,12,10,2,3,0,19,5,2,17,14,16,22,26,25,46,49,48,28,30,29,36,32,35,41,23,39,34,33,31,23,24,21,40,26,23,38,35,37,43,47,46,67,70,69,49,51,50,57,53,56,62,44,60,55,54,52,44,45,42,61,47,44,59,56,58,64,68,67,70,72,71,78,74,77,83,65,81,76,75,73,65,66,63,82,68,65,80,77,79,4,7,6,1,2,5,25,26,28,7,5,9,15,12,11,20,19,2,13,11,12,2,1,3,19,9,5,17,15,14,22,23,26,46,47,49,28,26,30,36,33,32,41,40,23,34,32,33,23,22,24,40,30,26,38,36,35,43,44,47,67,68,70,49,47,51,57,54,53,62,61,44,55,53,54,44,43,45,61,51,47,59,57,56,64,65,68,70,68,72,78,75,74,83,82,65,76,74,75,65,64,66,82,72,68,80,78,77,4,5,7],
  "Ni" : 1.00000,
  "Ka" : [1.00000,1.00000,1.00000],
  "d" : 1.00000,
  "Kd" : [0.41387,0.41387,0.41387],
  "illum" : 2,
  "Ks" : [0.16471,0.16471,0.16471],
  "Ns" : 96.07843
}