{
  "alias" : "Mesh208_Mesh208_Color_00",
  "vertices" : [1.753471,-0.0,-1.17574,1.765471,-0.0,-1.17574,1.753471,0.066,-1.17574,1.765471,0.066,-1.17574,1.753471,0.376,-1.17574,1.765471,0.376,-1.17574,1.753471,0.376,-1.17574,1.765471,0.376,-1.17574,1.753471,0.376,-1.17674,1.766471,0.376,-1.17674,1.753471,0.376,-1.17674,1.766471,0.376,-1.17674,1.753471,0.384,-1.17674,1.766471,0.384,-1.17674,1.753471,0.384,-1.17674,1.766471,0.384,-1.17674,1.753471,0.384,-1.18274,1.772471,0.384,-1.18274,1.753471,0.384,-1.18274,1.772471,0.384,-1.18274,1.753471,0.386,-1.18374,1.773471,0.386,-1.18374,1.753471,0.386,-1.18374,1.773471,0.386,-1.18374,1.753471,0.396,-1.18374,1.773471,0.396,-1.18374,1.773471,0.396,-1.18374,1.765471,0.396,-1.17574,1.753471,0.396,-1.18374,1.753471,0.396,-1.17574,1.753471,0.396,-1.17574,1.753471,0.384,-1.17574,1.753471,0.396,-1.18374,1.753471,0.384,-1.17674,1.753471,0.384,-1.18274,1.753471,0.386,-1.18374,1.753471,0.376,-1.17574,1.753471,0.376,-1.17674],
  "indices" : [0,2,1,3,1,2,2,4,3,5,3,4,6,7,8,9,8,7,10,12,11,13,11,12,14,16,15,17,15,16,18,20,19,21,19,20,22,24,23,25,23,24,26,28,27,29,27,28,30,32,31,33,31,32,34,33,32,35,34,32,31,33,36,37,36,33],
  "Ni" : 1.00000,
  "Ka" : [1.00000,1.00000,1.00000],
  "d" : 1.00000,
  "Kd" : [0.41387,0.41387,0.41387],
  "illum" : 2,
  "Ks" : [0.16471,0.16471,0.16471],
  "Ns" : 96.07843
}