{
  "alias" : "Mesh391_Mesh391_Fencing_",
  "vertices" : [0.643471,2.249,-0.45774,0.643471,2.252,-0.45774,0.799471,2.249,-0.60174,0.643471,2.249,-0.60174,0.799471,2.252,-0.60174,0.643471,2.252,-0.60174,0.655471,2.252,-0.58974,0.799471,2.252,-0.45774,0.799471,2.249,-0.45774,0.799471,2.234,-0.45774,0.643471,2.111,-0.45774,0.799471,2.111,-0.45774,0.643471,2.108,-0.45774,0.799471,2.108,-0.45774,0.799471,2.084,-0.45774,0.799471,2.084,-0.46374,0.799471,2.108,-0.46374,0.799471,2.108,-0.59574,0.799471,2.084,-0.59574,0.799471,2.108,-0.60174,0.799471,2.084,-0.60174,0.793471,2.084,-0.60174,0.793471,2.108,-0.60174,0.649471,2.084,-0.60174,0.649471,2.108,-0.60174,0.643471,2.084,-0.60174,0.643471,2.084,-0.59574,0.643471,2.108,-0.60174,0.643471,2.084,-0.46374,0.643471,2.108,-0.59574,0.643471,2.084,-0.45774,0.643471,2.108,-0.46374,0.649471,2.084,-0.45774,0.793471,2.108,-0.45774,0.649471,2.108,-0.45774,0.793471,2.084,-0.45774,0.643471,2.111,-0.60174,0.799471,2.111,-0.60174,0.815471,2.252,-0.58974,0.787471,2.252,-0.58974,0.682471,2.252,-0.46974,0.655471,2.252,-0.46974,0.668971,2.24,-0.58974,0.682471,2.24,-0.46974,0.682471,2.252,-0.58974,0.682471,2.24,-0.58974,0.668971,2.24,-0.46974,0.690471,2.252,-0.46974,0.717471,2.252,-0.46974,0.787471,2.252,-0.46974,0.725471,2.252,-0.58974,0.717471,2.24,-0.46974,0.703971,2.24,-0.46974,0.717471,2.24,-0.58974,0.717471,2.252,-0.58974,0.703971,2.24,-0.58974,0.690471,2.252,-0.58974,0.738971,2.24,-0.46974,0.752471,2.24,-0.58974,0.752471,2.24,-0.46974,0.752471,2.252,-0.58974,0.725471,2.252,-0.46974,0.752471,2.252,-0.46974,0.738971,2.24,-0.58974,0.760471,2.252,-0.58974,0.760471,2.252,-0.46974,0.773971,2.24,-0.58974,0.787471,2.24,-0.46974,0.773971,2.24,-0.46974,0.787471,2.24,-0.58974,0.823471,2.252,-0.45774,0.823471,2.24,-0.60174,0.823471,2.252,-0.60174,0.815471,2.238,-0.46974,0.823471,2.24,-0.45774,0.799471,2.234,-0.46974,0.799471,2.234,-0.60174,0.815471,2.238,-0.58974,0.799471,2.249,-0.46974,0.815471,2.252,-0.46974,0.799471,2.252,-0.46974,0.799471,2.249,-0.58974,0.799471,2.252,-0.58974,0.799471,2.234,-0.58974],
  "indices" : [47,54,56,41,44,6,65,39,64,61,60,50,47,48,54,41,40,44,65,49,39,61,62,60],
  "Ni" : 1.00000,
  "Ka" : [1.00000,1.00000,1.00000],
  "d" : 1.00000,
  "Kd" : [0.49255,0.48628,0.48000],
  "illum" : 2,
  "Ks" : [0.16471,0.16471,0.16471],
  "Ns" : 96.07843
}