{
  "alias" : "Cap22_Cap22__9",
  "vertices" : [0.260471,2.203,-0.584518,0.260471,2.203,-0.597518,0.257471,2.211,-0.587518,0.260471,2.203,-0.597518,0.260471,2.203,-0.584518,0.260471,2.199,-0.597518,0.260471,2.199,-0.584518,0.260471,2.199,-0.584518,0.260471,2.199,-0.597518,0.261471,2.199,-0.583518,0.261471,2.199,-0.598518,0.247471,2.199,-0.597518,0.246471,2.199,-0.598518,0.246471,2.199,-0.583518,0.247471,2.199,-0.584518,0.260471,2.199,-0.584518,0.260471,2.203,-0.584518,0.247471,2.199,-0.584518,0.247471,2.203,-0.584518,0.247471,2.203,-0.584518,0.247471,2.203,-0.597518,0.247471,2.199,-0.584518,0.247471,2.203,-0.597518,0.247471,2.203,-0.584518,0.250471,2.211,-0.594518,0.250471,2.211,-0.587518,0.253971,2.214,-0.591018,0.250471,2.211,-0.594518,0.250471,2.211,-0.587518,0.257471,2.211,-0.594518,0.250471,2.211,-0.594518,0.253971,2.214,-0.591018,0.250471,2.211,-0.594518,0.257471,2.211,-0.594518,0.247471,2.203,-0.597518,0.260471,2.203,-0.597518,0.260471,2.203,-0.597518,0.260471,2.199,-0.597518,0.247471,2.203,-0.597518,0.247471,2.199,-0.597518,0.247471,2.199,-0.597518,0.257471,2.211,-0.594518,0.257471,2.211,-0.594518,0.253971,2.214,-0.591018,0.257471,2.211,-0.587518,0.253971,2.214,-0.591018,0.250471,2.211,-0.587518,0.257471,2.211,-0.587518,0.250471,2.211,-0.587518,0.247471,2.203,-0.584518,0.257471,2.211,-0.587518,0.260471,2.203,-0.584518],
  "indices" : [0,1,2,3,4,5,6,5,4,15,16,17,18,17,16,19,20,21,22,23,24,25,24,23,26,27,28,29,30,31,32,33,34,35,34,33,36,37,38,39,38,37,40,21,20,41,2,1,42,43,44,45,46,47,48,49,50,51,50,49],
  "Ni" : 1.00000,
  "Ka" : [1.00000,1.00000,1.00000],
  "d" : 1.00000,
  "Kd" : [0.77490,0.73412,0.59608],
  "illum" : 2,
  "Ks" : [0.16471,0.16471,0.16471],
  "Ns" : 96.07843
}