{
  "alias" : "Door_Fro10_Door_Fro10_Buff",
  "vertices" : [1.753471,1.596,-1.03699,1.753471,1.651,-1.03199,1.753471,1.596,-1.00699,1.753471,1.676,-1.03699,1.753471,1.6605,-1.03199,1.753471,1.6615,-1.03199,1.753471,1.671,-1.03199,1.753471,1.671,-1.02249,1.753471,1.671,-1.02149,1.753471,1.671,-1.01199,1.753471,1.676,-1.00699,1.753471,1.6615,-1.01199,1.753471,1.6605,-1.01199,1.753471,1.651,-1.01199,1.753471,1.6325,-1.00849,1.753471,1.6255,-1.00849,1.753471,1.6255,-1.01149,1.753471,1.6325,-1.01149,1.753471,1.651,-1.02249,1.753471,1.6605,-1.03199,1.753471,1.651,-1.02249,1.753471,1.651,-1.03199,1.753471,1.6605,-1.02249,1.753471,1.6605,-1.02249,1.753471,1.6605,-1.02149,1.753471,1.6615,-1.02249,1.753471,1.671,-1.03199,1.753471,1.6615,-1.02249,1.753471,1.6615,-1.03199,1.753471,1.671,-1.02249,1.753471,1.6615,-1.02149,1.753471,1.671,-1.02149,1.753471,1.6615,-1.01199,1.753471,1.6615,-1.02149,1.753471,1.671,-1.01199,1.753471,1.651,-1.01199,1.753471,1.6605,-1.02149,1.753471,1.6605,-1.01199,1.753471,1.651,-1.02149,1.753471,1.651,-1.02149,1.753471,1.630917,-1.009976,1.753471,1.630749,-1.009655,1.753471,1.630394,-1.009586,1.753471,1.630118,-1.009822,1.753471,1.63013,-1.010184,1.753471,1.630421,-1.0104,1.753471,1.630771,-1.010308],
  "indices" : [0,1,2,1,0,3,1,3,4,4,3,5,5,3,6,6,3,7,7,3,8,8,3,9,10,9,3,10,11,9,10,12,11,10,13,12,10,14,13,10,15,14,2,15,10,15,2,16,2,1,16,16,1,17,17,1,14,13,14,1,13,1,18,4,5,23,23,5,24,24,5,12,11,12,5,11,5,25,7,30,25,30,7,8,11,25,30,13,18,39,23,39,18,39,23,24],
  "Ni" : 1.00000,
  "Ka" : [1.00000,1.00000,1.00000],
  "d" : 1.00000,
  "Kd" : [0.77490,0.73412,0.59608],
  "illum" : 2,
  "Ks" : [0.16471,0.16471,0.16471],
  "Ns" : 96.07843
}