{
  "alias" : "Mesh362_Mesh362_Color_00",
  "vertices" : [1.766471,0.384,-0.95574,1.766471,0.376,-0.94974,1.766471,0.384,-0.94974,1.766471,0.376,-0.95574,1.765471,0.376,-0.95574,1.766471,0.376,-0.94974,1.766471,0.376,-0.95574,1.765471,0.376,-0.94974,1.772471,0.384,-0.94974,1.766471,0.384,-0.95574,1.766471,0.384,-0.94974,1.772471,0.384,-0.95574],
  "indices" : [0,1,2,1,0,3,4,5,6,5,4,7,8,9,10,9,8,11],
  "Ni" : 1.00000,
  "Ka" : [1.00000,1.00000,1.00000],
  "d" : 1.00000,
  "Kd" : [0.41387,0.41387,0.41387],
  "illum" : 2,
  "Ks" : [0.16471,0.16471,0.16471],
  "Ns" : 96.07843
}