{
  "alias" : "Mesh124_Mesh124__1",
  "vertices" : [0.061471,1.596,-0.754407,0.061471,1.446,-0.714407,0.061471,1.596,-0.714407,0.061471,1.446,-0.754407],
  "indices" : [0,1,2,1,0,3],
  "Ni" : 1.00000,
  "Ka" : [1.00000,1.00000,1.00000],
  "d" : 1.00000,
  "Kd" : [0.76407,0.72387,0.58780],
  "illum" : 2,
  "Ks" : [0.16471,0.16471,0.16471],
  "Ns" : 96.07843
}