{
  "alias" : "Cap20_Cap20_Color_00",
  "vertices" : [1.499238,2.155,-0.26074,1.496238,2.147,-0.27074,1.496238,2.147,-0.25774,1.499238,2.155,-0.26774,1.499238,2.155,-0.26074,1.502738,2.158,-0.26424,1.499238,2.155,-0.26774,1.499238,2.155,-0.26074,1.506238,2.155,-0.26074,1.502738,2.158,-0.26424,1.499238,2.155,-0.26074,1.509238,2.147,-0.25774,1.506238,2.155,-0.26074,1.496238,2.147,-0.25774,1.496238,2.147,-0.25774,1.509238,2.143,-0.25774,1.509238,2.147,-0.25774,1.496238,2.143,-0.25774,1.496238,2.147,-0.25774,1.496238,2.143,-0.27074,1.496238,2.143,-0.25774,1.496238,2.147,-0.27074,1.509238,2.147,-0.27074,1.496238,2.143,-0.27074,1.496238,2.147,-0.27074,1.509238,2.143,-0.27074,1.509238,2.147,-0.27074,1.509238,2.143,-0.25774,1.509238,2.143,-0.27074,1.509238,2.147,-0.25774,1.506238,2.155,-0.26774,1.509238,2.147,-0.25774,1.509238,2.147,-0.27074,1.506238,2.155,-0.26074,1.506238,2.155,-0.26074,1.506238,2.155,-0.26774,1.502738,2.158,-0.26424,1.502738,2.158,-0.26424,1.506238,2.155,-0.26774,1.499238,2.155,-0.26774,1.509238,2.147,-0.27074,1.499238,2.155,-0.26774,1.506238,2.155,-0.26774,1.496238,2.147,-0.27074,1.509238,2.143,-0.27074,1.510238,2.143,-0.25674,1.509238,2.143,-0.25774,1.510238,2.143,-0.27174,1.495238,2.143,-0.27174,1.496238,2.143,-0.27074,1.495238,2.143,-0.25674,1.496238,2.143,-0.25774],
  "indices" : [44,45,46,44,47,45,47,44,48,49,48,44,48,49,50,50,49,51,50,51,45,46,45,51],
  "Ni" : 1.00000,
  "Ka" : [1.00000,1.00000,1.00000],
  "d" : 1.00000,
  "Kd" : [0.41387,0.41387,0.41387],
  "illum" : 2,
  "Ks" : [0.16471,0.16471,0.16471],
  "Ns" : 96.07843
}