{
  "alias" : "Arch_1_4_Arch_1_4_Color_03",
  "vertices" : [1.567971,2.088,-0.417907,1.565471,2.084,-0.417907,1.565471,2.088,-0.417907,1.567971,2.084,-0.417907,1.565471,2.084,-0.417907,1.565471,2.088,-0.402907,1.565471,2.088,-0.417907,1.565471,2.084,-0.402907,1.567971,2.084,-0.402907,1.565471,2.088,-0.402907,1.565471,2.084,-0.402907,1.567971,2.088,-0.402907,1.565471,2.0895,-0.402907,1.567971,2.0895,-0.402907,1.567971,2.0895,-0.402907,1.565471,2.143,-0.402907,1.565471,2.0895,-0.402907,1.566471,2.126,-0.402907,1.567971,2.126,-0.402907,1.566471,2.132,-0.402907,1.580471,2.143,-0.402907,1.572721,2.134,-0.402907,1.578971,2.132,-0.402907,1.578971,2.126,-0.402907,1.578971,2.040483,-0.402907,1.577471,2.040483,-0.402907,1.577471,2.126,-0.402907,1.578971,2.036,-0.402907,1.580471,1.8675,-0.402907,1.578471,1.904,-0.402907,1.578471,1.901,-0.402907,1.576471,1.901,-0.402907,1.576471,1.8675,-0.402907,1.576471,1.8675,-0.402907,1.580471,1.866,-0.402907,1.580471,1.8675,-0.402907,1.576471,1.866,-0.402907,1.580471,1.862,-0.402907,1.576471,1.862,-0.402907,1.580471,1.862,-0.402907,1.580471,1.866,-0.417907,1.580471,1.866,-0.402907,1.580471,1.862,-0.417907,1.576471,1.862,-0.417907,1.580471,1.866,-0.417907,1.580471,1.862,-0.417907,1.576471,1.866,-0.417907,1.580471,1.8675,-0.417907,1.576471,1.8675,-0.417907,1.576471,1.8675,-0.417907,1.578471,1.901,-0.417907,1.580471,1.8675,-0.417907,1.576471,1.901,-0.417907,1.578971,2.036,-0.417907,1.578471,1.904,-0.417907,1.576471,2.036,-0.417907,1.576471,1.904,-0.417907,1.580471,2.143,-0.417907,1.578971,2.040483,-0.417907,1.578971,2.126,-0.417907,1.578971,2.132,-0.417907,1.572721,2.134,-0.417907,1.566471,2.132,-0.417907,1.565471,2.143,-0.417907,1.565471,2.0895,-0.417907,1.566471,2.126,-0.417907,1.567971,2.0895,-0.417907,1.567971,2.126,-0.417907,1.567971,2.0895,-0.417907,1.565471,2.0895,-0.417907,1.565471,2.0895,-0.402907,1.565471,2.0895,-0.417907,1.565471,2.143,-0.402907,1.565471,2.0895,-0.417907,1.565471,2.0895,-0.402907,1.565471,2.143,-0.417907,1.577471,2.040483,-0.417907,1.577471,2.126,-0.417907,1.580471,2.143,-0.417907,1.580471,1.8675,-0.402907,1.580471,1.8675,-0.417907,1.580471,2.143,-0.402907,1.580471,1.8675,-0.417907,1.580471,1.8675,-0.402907,1.576471,2.036,-0.402907,1.576471,1.904,-0.402907],
  "indices" : [0,1,2,1,0,3,4,5,6,5,4,7,8,9,10,9,8,11,11,12,9,12,11,13,33,34,35,34,33,36,36,37,34,37,36,38,39,40,41,40,39,42,43,44,45,44,43,46,46,47,44,47,46,48,68,2,69,0,2,68,6,70,71,70,6,5,41,82,83,82,41,40],
  "Ni" : 1.00000,
  "Ka" : [1.00000,1.00000,1.00000],
  "d" : 1.00000,
  "Kd" : [0.53333,0.53333,0.53333],
  "illum" : 2,
  "Ks" : [0.16471,0.16471,0.16471],
  "Ns" : 96.07843
}