{
  "alias" : "Cap11_Cap11_Color_00",
  "vertices" : [0.422371,2.147,-0.27074,0.409371,2.147,-0.27074,0.419371,2.155,-0.26774,0.409371,2.147,-0.27074,0.422371,2.147,-0.27074,0.409371,2.143,-0.27074,0.422371,2.143,-0.27074,0.422371,2.143,-0.27074,0.409371,2.143,-0.27074,0.423371,2.143,-0.27174,0.408371,2.143,-0.27174,0.409371,2.143,-0.25774,0.408371,2.143,-0.25674,0.423371,2.143,-0.25674,0.422371,2.143,-0.25774,0.422371,2.143,-0.27074,0.422371,2.147,-0.27074,0.422371,2.143,-0.25774,0.422371,2.147,-0.25774,0.422371,2.147,-0.25774,0.409371,2.147,-0.25774,0.422371,2.143,-0.25774,0.409371,2.147,-0.25774,0.422371,2.147,-0.25774,0.412371,2.155,-0.26074,0.419371,2.155,-0.26074,0.415871,2.158,-0.26424,0.412371,2.155,-0.26074,0.419371,2.155,-0.26074,0.412371,2.155,-0.26774,0.412371,2.155,-0.26074,0.415871,2.158,-0.26424,0.412371,2.155,-0.26074,0.412371,2.155,-0.26774,0.409371,2.147,-0.25774,0.409371,2.147,-0.27074,0.409371,2.147,-0.27074,0.409371,2.143,-0.27074,0.409371,2.147,-0.25774,0.409371,2.143,-0.25774,0.409371,2.143,-0.25774,0.412371,2.155,-0.26774,0.412371,2.155,-0.26774,0.415871,2.158,-0.26424,0.419371,2.155,-0.26774,0.415871,2.158,-0.26424,0.419371,2.155,-0.26074,0.419371,2.155,-0.26774,0.419371,2.155,-0.26074,0.422371,2.147,-0.25774,0.419371,2.155,-0.26774,0.422371,2.147,-0.27074],
  "indices" : [7,8,9,9,8,10,11,10,8,10,11,12,13,12,11,14,13,11,7,13,14,13,7,9],
  "Ni" : 1.00000,
  "Ka" : [1.00000,1.00000,1.00000],
  "d" : 1.00000,
  "Kd" : [0.41387,0.41387,0.41387],
  "illum" : 2,
  "Ks" : [0.16471,0.16471,0.16471],
  "Ns" : 96.07843
}