{
  "alias" : "Cap55_Cap55__9",
  "vertices" : [0.327704,2.155,-0.98674,0.330704,2.147,-0.97674,0.330704,2.147,-0.98974,0.327704,2.155,-0.97974,0.327704,2.155,-0.98674,0.324204,2.158,-0.98324,0.327704,2.155,-0.97974,0.327704,2.155,-0.98674,0.320704,2.155,-0.98674,0.324204,2.158,-0.98324,0.327704,2.155,-0.98674,0.317704,2.147,-0.98974,0.320704,2.155,-0.98674,0.330704,2.147,-0.98974,0.330704,2.147,-0.98974,0.317704,2.143,-0.98974,0.317704,2.147,-0.98974,0.330704,2.143,-0.98974,0.330704,2.147,-0.98974,0.330704,2.143,-0.97674,0.330704,2.143,-0.98974,0.330704,2.147,-0.97674,0.317704,2.147,-0.97674,0.330704,2.143,-0.97674,0.330704,2.147,-0.97674,0.317704,2.143,-0.97674,0.317704,2.147,-0.97674,0.317704,2.143,-0.98974,0.317704,2.143,-0.97674,0.317704,2.147,-0.98974,0.320704,2.155,-0.97974,0.317704,2.147,-0.98974,0.317704,2.147,-0.97674,0.320704,2.155,-0.98674,0.320704,2.155,-0.98674,0.320704,2.155,-0.97974,0.324204,2.158,-0.98324,0.324204,2.158,-0.98324,0.320704,2.155,-0.97974,0.327704,2.155,-0.97974,0.317704,2.147,-0.97674,0.327704,2.155,-0.97974,0.320704,2.155,-0.97974,0.330704,2.147,-0.97674,0.317704,2.143,-0.97674,0.316704,2.143,-0.99074,0.317704,2.143,-0.98974,0.316704,2.143,-0.97574,0.331704,2.143,-0.97574,0.330704,2.143,-0.97674,0.331704,2.143,-0.99074,0.330704,2.143,-0.98974],
  "indices" : [0,1,2,1,0,3,4,5,6,7,8,9,10,11,12,11,10,13,14,15,16,15,14,17,18,19,20,19,18,21,22,23,24,23,22,25,26,27,28,27,26,29,30,31,32,31,30,33,34,35,36,37,38,39,40,41,42,41,40,43],
  "Ni" : 1.00000,
  "Ka" : [1.00000,1.00000,1.00000],
  "d" : 1.00000,
  "Kd" : [0.77490,0.73412,0.59608],
  "illum" : 2,
  "Ks" : [0.16471,0.16471,0.16471],
  "Ns" : 96.07843
}