{
  "alias" : "Door_Fro11_Door_Fro11_Transluc",
  "vertices" : [0.253471,1.862,-0.60874,0.253471,1.917,-0.61374,0.253471,1.862,-0.63874,0.253471,1.942,-0.60874,0.253471,1.9265,-0.61374,0.253471,1.9275,-0.61374,0.253471,1.937,-0.61374,0.253471,1.937,-0.62324,0.253471,1.937,-0.62424,0.253471,1.937,-0.63374,0.253471,1.942,-0.63874,0.253471,1.9275,-0.63374,0.253471,1.9265,-0.63374,0.253471,1.917,-0.63374,0.253471,1.8985,-0.63724,0.253471,1.8915,-0.63724,0.253471,1.8915,-0.63424,0.253471,1.8985,-0.63424,0.253471,1.917,-0.62324,0.253471,1.9265,-0.61374,0.253471,1.917,-0.62324,0.253471,1.917,-0.61374,0.253471,1.9265,-0.62324,0.253471,1.9265,-0.62324,0.253471,1.9265,-0.62424,0.253471,1.9275,-0.62324,0.253471,1.937,-0.61374,0.253471,1.9275,-0.62324,0.253471,1.9275,-0.61374,0.253471,1.937,-0.62324,0.253471,1.9275,-0.62424,0.253471,1.937,-0.62424,0.253471,1.9275,-0.63374,0.253471,1.9275,-0.62424,0.253471,1.937,-0.63374,0.253471,1.917,-0.63374,0.253471,1.9265,-0.62424,0.253471,1.9265,-0.63374,0.253471,1.917,-0.62424,0.253471,1.917,-0.62424,0.253471,1.896917,-0.635754,0.253471,1.896749,-0.636075,0.253471,1.896394,-0.636144,0.253471,1.896118,-0.635909,0.253471,1.89613,-0.635546,0.253471,1.896421,-0.63533,0.253471,1.896771,-0.635423],
  "indices" : [19,20,21,20,19,22,26,27,28,27,26,29,31,32,33,32,31,34,35,36,37,36,35,38],
  "Ni" : 1.00000,
  "Ka" : [1.00000,1.00000,1.00000],
  "d" : 1.00000,
  "Kd" : [0.40157,0.40157,0.40157],
  "illum" : 2,
  "Ks" : [0.16471,0.16471,0.16471],
  "Ns" : 96.07843
}