{
  "alias" : "Mesh312_Mesh312_Color_06",
  "vertices" : [1.050721,2.196238,-0.87246,1.050721,2.198687,-0.874192,1.183471,2.196238,-0.87246,1.183471,2.198687,-0.874192,1.050721,2.198687,-0.874192,1.050721,2.200419,-0.871743,1.183471,2.198687,-0.874192,1.183471,2.200419,-0.871743,1.050721,2.200419,-0.871743,1.050721,2.19797,-0.870011,1.183471,2.200419,-0.871743,1.183471,2.19797,-0.870011,1.183471,2.19797,-0.870011,1.050721,2.19797,-0.870011,1.183471,2.196238,-0.87246,1.050721,2.196238,-0.87246],
  "indices" : [0,1,2,3,2,1,4,5,6,7,6,5,8,9,10,11,10,9,12,13,14,15,14,13],
  "Ni" : 1.00000,
  "Ka" : [1.00000,1.00000,1.00000],
  "d" : 1.00000,
  "Kd" : [0.44549,0.44549,0.44549],
  "illum" : 2,
  "Ks" : [0.16471,0.16471,0.16471],
  "Ns" : 96.07843
}