{
  "alias" : "DoorKnob21_DoorKnob21_Color_02",
  "vertices" : [0.795971,0.275246,-1.117737,0.795971,0.273356,-1.118236,0.795971,0.274181,-1.117531,0.795971,0.274394,-1.118336,0.795971,0.274749,-1.118405,0.795971,0.275749,-1.118698,0.797171,0.275246,-1.117737,0.795971,0.275749,-1.118698,0.795971,0.275246,-1.117737,0.797171,0.275749,-1.118698,0.797171,0.275246,-1.117737,0.797171,0.273356,-1.118236,0.797171,0.275749,-1.118698,0.797171,0.274181,-1.117531,0.797171,0.275246,-1.117737,0.795971,0.274181,-1.117531,0.797171,0.274181,-1.117531,0.795971,0.275246,-1.117737,0.795971,0.273356,-1.118236,0.797171,0.274181,-1.117531,0.795971,0.274181,-1.117531,0.797171,0.273356,-1.118236,0.795971,0.273356,-1.118236,0.797171,0.273393,-1.11932,0.797171,0.273356,-1.118236,0.795971,0.273393,-1.11932,0.795971,0.274118,-1.118572,0.795971,0.273393,-1.11932,0.795971,0.274394,-1.118336,0.795471,0.274118,-1.118572,0.795971,0.274118,-1.118572,0.795471,0.274394,-1.118336,0.795971,0.274749,-1.118405,0.795471,0.274394,-1.118336,0.795971,0.274394,-1.118336,0.795471,0.274749,-1.118405,0.795971,0.274749,-1.118405,0.795471,0.274917,-1.118726,0.795471,0.274749,-1.118405,0.795971,0.274917,-1.118726,0.795971,0.274917,-1.118726,0.795971,0.275312,-1.119691,0.797171,0.275749,-1.118698,0.795971,0.275312,-1.119691,0.795971,0.275749,-1.118698,0.797171,0.275312,-1.119691,0.797171,0.273393,-1.11932,0.797171,0.275312,-1.119691,0.797171,0.274263,-1.119967,0.797171,0.273393,-1.11932,0.795971,0.274263,-1.119967,0.797171,0.274263,-1.119967,0.795971,0.273393,-1.11932,0.795971,0.274263,-1.119967,0.795971,0.274421,-1.11915,0.795971,0.274771,-1.119058,0.795471,0.274771,-1.119058,0.795971,0.274917,-1.118726,0.795971,0.274771,-1.119058,0.795471,0.274917,-1.118726,0.795971,0.274421,-1.11915,0.795471,0.274771,-1.119058,0.795971,0.274771,-1.119058,0.795471,0.274421,-1.11915,0.795971,0.27413,-1.118934,0.795471,0.274421,-1.11915,0.795971,0.274421,-1.11915,0.795471,0.27413,-1.118934,0.795971,0.27413,-1.118934,0.795471,0.274118,-1.118572,0.795471,0.27413,-1.118934,0.795971,0.274118,-1.118572,0.795971,0.27413,-1.118934,0.795971,0.275312,-1.119691,0.797171,0.274263,-1.119967,0.795971,0.274263,-1.119967,0.797171,0.275312,-1.119691],
  "indices" : [0,1,2,1,0,3,3,0,4,4,0,5,6,7,8,7,6,9,10,11,12,11,10,13,14,15,16,15,14,17,18,19,20,19,18,21,22,23,24,23,22,25,1,26,27,26,1,3,28,29,30,29,28,31,32,33,34,33,32,35,36,37,38,37,36,39,4,5,40,40,5,41,42,43,44,43,42,45,12,46,47,12,11,46,47,46,48,49,50,51,50,49,52,27,41,53,54,41,27,55,41,54,40,41,55,56,57,58,57,56,59,60,61,62,61,60,63,64,65,66,65,64,67,68,69,70,69,68,71,27,26,72,27,72,54,73,74,75,74,73,76],
  "Ni" : 1.00000,
  "Ka" : [1.00000,1.00000,1.00000],
  "d" : 1.00000,
  "Kd" : [0.09412,0.09412,0.09412],
  "illum" : 2,
  "Ks" : [0.16471,0.16471,0.16471],
  "Ns" : 96.07843
}