{
  "alias" : "Mesh656_Mesh656_Transl01",
  "vertices" : [1.120471,2.096824,-0.576625,1.213471,2.096,-0.57374,1.117471,2.096,-0.57374,1.213471,2.084,-0.57374,1.213471,2.108,-0.61574,1.213471,2.096,-0.65774,1.213471,2.084,-0.65774,1.117471,2.096,-0.65774,1.117471,2.084,-0.65774,1.117471,2.108,-0.61574,1.117471,2.084,-0.57374,1.120471,2.107176,-0.618625,1.120471,2.107176,-0.612855,1.121471,2.097099,-0.577586,1.210471,2.096824,-0.576625,1.210471,2.107176,-0.612855,1.121471,2.106901,-0.611894,1.209471,2.097099,-0.577586,1.209471,2.106901,-0.611894,1.210471,2.107176,-0.618625,1.210471,2.096824,-0.654855,1.120471,2.096824,-0.654855,1.121471,2.106901,-0.619586,1.209471,2.097099,-0.653894,1.121471,2.097099,-0.653894,1.209471,2.106901,-0.619586],
  "indices" : [23,22,25,18,13,17,23,24,22,18,16,13],
  "Ni" : 1.00000,
  "Ka" : [1.00000,1.00000,1.00000],
  "d" : 1.00000,
  "Kd" : [0.40157,0.40157,0.40157],
  "illum" : 2,
  "Ks" : [0.16471,0.16471,0.16471],
  "Ns" : 96.07843
}