{
  "alias" : "Cap47_Cap47_Color_00",
  "vertices" : [0.954938,2.211,-0.97974,0.944938,2.203,-0.97674,0.957938,2.203,-0.97674,0.947938,2.211,-0.97974,0.954938,2.211,-0.97974,0.951438,2.214,-0.98324,0.947938,2.211,-0.97974,0.954938,2.211,-0.97974,0.954938,2.211,-0.98674,0.951438,2.214,-0.98324,0.954938,2.211,-0.97974,0.957938,2.203,-0.98974,0.954938,2.211,-0.98674,0.957938,2.203,-0.97674,0.957938,2.203,-0.97674,0.957938,2.199,-0.98974,0.957938,2.203,-0.98974,0.957938,2.199,-0.97674,0.957938,2.203,-0.97674,0.944938,2.199,-0.97674,0.957938,2.199,-0.97674,0.944938,2.203,-0.97674,0.944938,2.203,-0.98974,0.944938,2.199,-0.97674,0.944938,2.203,-0.97674,0.944938,2.199,-0.98974,0.944938,2.203,-0.98974,0.957938,2.199,-0.98974,0.944938,2.199,-0.98974,0.957938,2.203,-0.98974,0.947938,2.211,-0.98674,0.957938,2.203,-0.98974,0.944938,2.203,-0.98974,0.954938,2.211,-0.98674,0.954938,2.211,-0.98674,0.947938,2.211,-0.98674,0.951438,2.214,-0.98324,0.951438,2.214,-0.98324,0.947938,2.211,-0.98674,0.947938,2.211,-0.97974,0.944938,2.203,-0.98974,0.947938,2.211,-0.97974,0.947938,2.211,-0.98674,0.944938,2.203,-0.97674,0.944938,2.199,-0.98974,0.958938,2.199,-0.99074,0.957938,2.199,-0.98974,0.943938,2.199,-0.99074,0.943938,2.199,-0.97574,0.944938,2.199,-0.97674,0.958938,2.199,-0.97574,0.957938,2.199,-0.97674],
  "indices" : [44,45,46,44,47,45,47,44,48,49,48,44,48,49,50,50,49,51,50,51,45,46,45,51],
  "Ni" : 1.00000,
  "Ka" : [1.00000,1.00000,1.00000],
  "d" : 1.00000,
  "Kd" : [0.41387,0.41387,0.41387],
  "illum" : 2,
  "Ks" : [0.16471,0.16471,0.16471],
  "Ns" : 96.07843
}