{
  "alias" : "Arch9_Arch9_Color_03",
  "vertices" : [1.120804,2.199,-0.97574,1.120804,2.188,-0.97674,1.120804,2.0895,-0.97574,1.120804,2.199,-0.99074,1.120804,2.19,-0.98299,1.120804,2.188,-0.98924,1.120804,2.182,-0.98924,1.120804,2.040483,-0.98924,1.120804,2.036,-0.98924,1.120804,1.904,-0.99074,1.120804,1.904,-0.98674,1.120804,2.036,-0.98674,1.120804,2.199,-0.99074,1.135804,1.904,-0.99074,1.120804,1.904,-0.99074,1.135804,2.199,-0.99074,1.135804,2.199,-0.99074,1.135804,2.036,-0.98924,1.135804,1.904,-0.99074,1.135804,2.040483,-0.98924,1.135804,2.182,-0.98924,1.135804,2.188,-0.98924,1.135804,2.19,-0.98299,1.135804,2.188,-0.97674,1.135804,2.199,-0.97574,1.135804,2.182,-0.97674,1.135804,2.0895,-0.97824,1.135804,2.0895,-0.97574,1.120804,2.199,-0.97574,1.135804,2.0895,-0.97574,1.135804,2.199,-0.97574,1.120804,2.0895,-0.97574,1.120804,2.0895,-0.97574,1.135804,2.088,-0.97574,1.135804,2.0895,-0.97574,1.120804,2.088,-0.97574,1.120804,2.0895,-0.97824,1.120804,2.088,-0.97574,1.120804,2.0895,-0.97574,1.120804,2.088,-0.97824,1.120804,2.084,-0.97574,1.120804,2.084,-0.97824,1.135804,2.084,-0.97574,1.120804,2.084,-0.97574,1.135804,2.084,-0.97824,1.135804,2.088,-0.97574,1.135804,2.084,-0.97574,1.135804,2.088,-0.97824,1.135804,2.0895,-0.97574,1.135804,2.0895,-0.97824,1.120804,2.182,-0.97674,1.120804,2.0895,-0.97824,1.120804,2.182,-0.97824,1.135804,2.182,-0.97824,1.135804,2.040483,-0.98774,1.135804,2.182,-0.98774,1.135804,2.036,-0.98674,1.135804,1.904,-0.98674,1.120804,2.040483,-0.98774,1.120804,2.182,-0.98774],
  "indices" : [32,33,34,33,32,35,36,37,38,37,36,39,39,40,37,40,39,41,42,35,43,35,42,33,44,45,46,45,44,47,47,48,45,48,47,49],
  "Ni" : 1.00000,
  "Ka" : [1.00000,1.00000,1.00000],
  "d" : 1.00000,
  "Kd" : [0.53333,0.53333,0.53333],
  "illum" : 2,
  "Ks" : [0.16471,0.16471,0.16471],
  "Ns" : 96.07843
}