{
  "alias" : "Mesh194_Mesh194_Color_00",
  "vertices" : [1.760471,0.0,-0.493073,1.758471,0.0,-0.493073,1.760471,0.03,-0.493073,1.758471,0.03,-0.493073],
  "indices" : [0,1,2,3,2,1],
  "Ni" : 1.00000,
  "Ka" : [1.00000,1.00000,1.00000],
  "d" : 1.00000,
  "Kd" : [0.41387,0.41387,0.41387],
  "illum" : 2,
  "Ks" : [0.16471,0.16471,0.16471],
  "Ns" : 96.07843
}