{
  "alias" : "Door_Fro06_Door_Fro06_Transluc",
  "vertices" : [1.753471,1.596,-0.24049,1.753471,1.651,-0.21549,1.753471,1.596,-0.21049,1.753471,1.6255,-0.23599,1.753471,1.6325,-0.23599,1.753471,1.6325,-0.23899,1.753471,1.651,-0.23549,1.753471,1.676,-0.24049,1.753471,1.6255,-0.23899,1.753471,1.630394,-0.237894,1.753471,1.630749,-0.237825,1.753471,1.630917,-0.237504,1.753471,1.630771,-0.237172,1.753471,1.630421,-0.23708,1.753471,1.63013,-0.237296,1.753471,1.630118,-0.237659,1.753471,1.6605,-0.23549,1.753471,1.6605,-0.23549,1.753471,1.6605,-0.22599,1.753471,1.651,-0.23549,1.753471,1.6615,-0.21549,1.753471,1.6605,-0.22599,1.753471,1.6615,-0.23549,1.753471,1.671,-0.23549,1.753471,1.671,-0.23549,1.753471,1.671,-0.22599,1.753471,1.6615,-0.23549,1.753471,1.676,-0.21049,1.753471,1.671,-0.22599,1.753471,1.671,-0.22499,1.753471,1.671,-0.21549,1.753471,1.6605,-0.21549,1.753471,1.651,-0.21549,1.753471,1.651,-0.22499,1.753471,1.6605,-0.21549,1.753471,1.651,-0.22499,1.753471,1.651,-0.22599,1.753471,1.6605,-0.22499,1.753471,1.6605,-0.22499,1.753471,1.651,-0.22599,1.753471,1.6615,-0.21549,1.753471,1.6615,-0.22499,1.753471,1.671,-0.21549,1.753471,1.6615,-0.22499,1.753471,1.6615,-0.22599,1.753471,1.6615,-0.22599,1.753471,1.671,-0.22499],
  "indices" : [17,18,19,24,25,26,32,33,34,38,34,33,39,19,18,40,41,42,45,26,25,46,42,41],
  "Ni" : 1.00000,
  "Ka" : [1.00000,1.00000,1.00000],
  "d" : 1.00000,
  "Kd" : [0.40157,0.40157,0.40157],
  "illum" : 2,
  "Ks" : [0.16471,0.16471,0.16471],
  "Ns" : 96.07843
}