{
  "alias" : "Mesh142_Mesh142_Foregrou",
  "vertices" : [0.149818,0.323857,-0.07674,0.149818,0.323856,-0.07674,0.149848,0.323868,-0.07674,0.149848,0.323868,-0.07674,0.149848,0.323868,-0.07674],
  "indices" : [0,1,2,0,3,4],
  "Ni" : 1.00000,
  "Ka" : [1.00000,1.00000,1.00000],
  "d" : 1.00000,
  "Kd" : [0.00000,0.00000,0.00000],
  "illum" : 2,
  "Ks" : [0.16471,0.16471,0.16471],
  "Ns" : 96.07843
}