{
  "alias" : "Cap49_Cap49_Color_00",
  "vertices" : [0.419371,2.155,-0.97974,0.409371,2.147,-0.97674,0.422371,2.147,-0.97674,0.412371,2.155,-0.97974,0.419371,2.155,-0.97974,0.415871,2.158,-0.98324,0.412371,2.155,-0.97974,0.419371,2.155,-0.97974,0.419371,2.155,-0.98674,0.415871,2.158,-0.98324,0.419371,2.155,-0.97974,0.422371,2.147,-0.98974,0.419371,2.155,-0.98674,0.422371,2.147,-0.97674,0.422371,2.147,-0.97674,0.422371,2.143,-0.98974,0.422371,2.147,-0.98974,0.422371,2.143,-0.97674,0.422371,2.147,-0.97674,0.409371,2.143,-0.97674,0.422371,2.143,-0.97674,0.409371,2.147,-0.97674,0.409371,2.147,-0.98974,0.409371,2.143,-0.97674,0.409371,2.147,-0.97674,0.409371,2.143,-0.98974,0.409371,2.147,-0.98974,0.422371,2.143,-0.98974,0.409371,2.143,-0.98974,0.422371,2.147,-0.98974,0.412371,2.155,-0.98674,0.422371,2.147,-0.98974,0.409371,2.147,-0.98974,0.419371,2.155,-0.98674,0.419371,2.155,-0.98674,0.412371,2.155,-0.98674,0.415871,2.158,-0.98324,0.415871,2.158,-0.98324,0.412371,2.155,-0.98674,0.412371,2.155,-0.97974,0.409371,2.147,-0.98974,0.412371,2.155,-0.97974,0.412371,2.155,-0.98674,0.409371,2.147,-0.97674,0.409371,2.143,-0.98974,0.423371,2.143,-0.99074,0.422371,2.143,-0.98974,0.408371,2.143,-0.99074,0.408371,2.143,-0.97574,0.409371,2.143,-0.97674,0.423371,2.143,-0.97574,0.422371,2.143,-0.97674],
  "indices" : [44,45,46,44,47,45,47,44,48,49,48,44,48,49,50,50,49,51,50,51,45,46,45,51],
  "Ni" : 1.00000,
  "Ka" : [1.00000,1.00000,1.00000],
  "d" : 1.00000,
  "Kd" : [0.41387,0.41387,0.41387],
  "illum" : 2,
  "Ks" : [0.16471,0.16471,0.16471],
  "Ns" : 96.07843
}