{
  "alias" : "Cap55_Cap55_Color_00",
  "vertices" : [0.327704,2.155,-0.98674,0.330704,2.147,-0.97674,0.330704,2.147,-0.98974,0.327704,2.155,-0.97974,0.327704,2.155,-0.98674,0.324204,2.158,-0.98324,0.327704,2.155,-0.97974,0.327704,2.155,-0.98674,0.320704,2.155,-0.98674,0.324204,2.158,-0.98324,0.327704,2.155,-0.98674,0.317704,2.147,-0.98974,0.320704,2.155,-0.98674,0.330704,2.147,-0.98974,0.330704,2.147,-0.98974,0.317704,2.143,-0.98974,0.317704,2.147,-0.98974,0.330704,2.143,-0.98974,0.330704,2.147,-0.98974,0.330704,2.143,-0.97674,0.330704,2.143,-0.98974,0.330704,2.147,-0.97674,0.317704,2.147,-0.97674,0.330704,2.143,-0.97674,0.330704,2.147,-0.97674,0.317704,2.143,-0.97674,0.317704,2.147,-0.97674,0.317704,2.143,-0.98974,0.317704,2.143,-0.97674,0.317704,2.147,-0.98974,0.320704,2.155,-0.97974,0.317704,2.147,-0.98974,0.317704,2.147,-0.97674,0.320704,2.155,-0.98674,0.320704,2.155,-0.98674,0.320704,2.155,-0.97974,0.324204,2.158,-0.98324,0.324204,2.158,-0.98324,0.320704,2.155,-0.97974,0.327704,2.155,-0.97974,0.317704,2.147,-0.97674,0.327704,2.155,-0.97974,0.320704,2.155,-0.97974,0.330704,2.147,-0.97674,0.317704,2.143,-0.97674,0.316704,2.143,-0.99074,0.317704,2.143,-0.98974,0.316704,2.143,-0.97574,0.331704,2.143,-0.97574,0.330704,2.143,-0.97674,0.331704,2.143,-0.99074,0.330704,2.143,-0.98974],
  "indices" : [44,45,46,44,47,45,47,44,48,49,48,44,48,49,50,50,49,51,50,51,45,46,45,51],
  "Ni" : 1.00000,
  "Ka" : [1.00000,1.00000,1.00000],
  "d" : 1.00000,
  "Kd" : [0.41387,0.41387,0.41387],
  "illum" : 2,
  "Ks" : [0.16471,0.16471,0.16471],
  "Ns" : 96.07843
}