{
  "alias" : "Cap_II8_Cap_II8_Color_03",
  "vertices" : [1.765471,1.915,-0.714407,1.763471,1.915,-0.716407,1.725471,1.915,-0.714407,1.765471,1.915,-0.754407,1.765471,1.904,-0.714407,1.765471,1.915,-0.754407,1.765471,1.915,-0.714407,1.765471,1.904,-0.754407,1.765471,1.746,-0.714407,1.765471,1.746,-0.754407,1.758971,1.904,-0.754407,1.725471,1.915,-0.754407,1.752721,1.906,-0.754407,1.746471,1.904,-0.754407,1.725471,1.8675,-0.754407,1.746471,1.898,-0.754407,1.747971,1.898,-0.754407,1.747971,1.8675,-0.754407,1.747971,1.8675,-0.754407,1.725471,1.866,-0.754407,1.725471,1.8675,-0.754407,1.747971,1.866,-0.754407,1.725471,1.862,-0.754407,1.747971,1.862,-0.754407,1.725471,1.862,-0.754407,1.725471,1.866,-0.714407,1.725471,1.866,-0.754407,1.725471,1.862,-0.714407,1.747971,1.862,-0.714407,1.725471,1.866,-0.714407,1.725471,1.862,-0.714407,1.747971,1.866,-0.714407,1.725471,1.8675,-0.714407,1.747971,1.8675,-0.714407,1.747971,1.8675,-0.714407,1.746471,1.898,-0.714407,1.725471,1.8675,-0.714407,1.747971,1.898,-0.714407,1.725471,1.915,-0.714407,1.746471,1.904,-0.714407,1.752721,1.906,-0.714407,1.758971,1.904,-0.714407,1.725471,1.8675,-0.754407,1.725471,1.915,-0.754407,1.727471,1.915,-0.716407,1.725471,1.915,-0.754407,1.763471,1.915,-0.716407,1.727471,1.931,-0.716407,1.727471,1.915,-0.716407,1.763471,1.931,-0.716407,1.763471,1.915,-0.716407,1.763471,1.931,-0.752407,1.763471,1.931,-0.716407,1.763471,1.915,-0.752407,1.763471,1.915,-0.752407,1.727471,1.915,-0.752407,1.727471,1.931,-0.716407,1.727471,1.915,-0.752407,1.727471,1.915,-0.716407,1.727471,1.931,-0.752407,1.735471,1.951,-0.724407,1.727471,1.931,-0.752407,1.727471,1.931,-0.716407,1.735471,1.951,-0.744407,1.735471,1.951,-0.744407,1.735471,1.951,-0.724407,1.745471,1.957,-0.734407,1.745471,1.957,-0.734407,1.735471,1.951,-0.724407,1.755471,1.951,-0.724407,1.727471,1.931,-0.716407,1.755471,1.951,-0.724407,1.735471,1.951,-0.724407,1.763471,1.931,-0.716407,1.763471,1.931,-0.716407,1.755471,1.951,-0.744407,1.755471,1.951,-0.724407,1.763471,1.931,-0.752407,1.727471,1.931,-0.752407,1.755471,1.951,-0.744407,1.763471,1.931,-0.752407,1.735471,1.951,-0.744407,1.735471,1.951,-0.744407,1.745471,1.957,-0.734407,1.755471,1.951,-0.744407,1.755471,1.951,-0.744407,1.745471,1.957,-0.734407,1.755471,1.951,-0.724407,1.763471,1.931,-0.752407,1.727471,1.915,-0.752407,1.727471,1.931,-0.752407,1.763471,1.915,-0.752407,1.725471,1.8675,-0.714407,1.725471,1.8675,-0.754407],
  "indices" : [18,19,20,19,18,21,21,22,19,22,21,23,24,25,26,25,24,27,28,29,30,29,28,31,31,32,29,32,31,33,26,92,93,92,26,25],
  "Ni" : 1.00000,
  "Ka" : [1.00000,1.00000,1.00000],
  "d" : 1.00000,
  "Kd" : [0.53333,0.53333,0.53333],
  "illum" : 2,
  "Ks" : [0.16471,0.16471,0.16471],
  "Ns" : 96.07843
}