{
  "alias" : "DoorKnob16_DoorKnob16_Color_02",
  "vertices" : [0.252971,1.897246,-0.636743,0.252971,1.895356,-0.636244,0.252971,1.896181,-0.636949,0.252971,1.896394,-0.636144,0.252971,1.896749,-0.636075,0.252971,1.897749,-0.635782,0.251771,1.897246,-0.636743,0.252971,1.897749,-0.635782,0.252971,1.897246,-0.636743,0.251771,1.897749,-0.635782,0.251771,1.897246,-0.636743,0.251771,1.895356,-0.636244,0.251771,1.897749,-0.635782,0.251771,1.896181,-0.636949,0.251771,1.897246,-0.636743,0.252971,1.896181,-0.636949,0.251771,1.896181,-0.636949,0.252971,1.897246,-0.636743,0.252971,1.895356,-0.636244,0.251771,1.896181,-0.636949,0.252971,1.896181,-0.636949,0.251771,1.895356,-0.636244,0.252971,1.895356,-0.636244,0.251771,1.895393,-0.63516,0.251771,1.895356,-0.636244,0.252971,1.895393,-0.63516,0.252971,1.896118,-0.635909,0.252971,1.895393,-0.63516,0.252971,1.896394,-0.636144,0.253471,1.896118,-0.635909,0.252971,1.896118,-0.635909,0.253471,1.896394,-0.636144,0.252971,1.896749,-0.636075,0.253471,1.896394,-0.636144,0.252971,1.896394,-0.636144,0.253471,1.896749,-0.636075,0.252971,1.896749,-0.636075,0.253471,1.896917,-0.635754,0.253471,1.896749,-0.636075,0.252971,1.896917,-0.635754,0.252971,1.896917,-0.635754,0.252971,1.897312,-0.634789,0.251771,1.897749,-0.635782,0.252971,1.897312,-0.634789,0.252971,1.897749,-0.635782,0.251771,1.897312,-0.634789,0.251771,1.895393,-0.63516,0.251771,1.897312,-0.634789,0.251771,1.896263,-0.634513,0.251771,1.895393,-0.63516,0.252971,1.896263,-0.634513,0.251771,1.896263,-0.634513,0.252971,1.895393,-0.63516,0.252971,1.896263,-0.634513,0.252971,1.896421,-0.63533,0.252971,1.896771,-0.635423,0.253471,1.896771,-0.635423,0.252971,1.896917,-0.635754,0.252971,1.896771,-0.635423,0.253471,1.896917,-0.635754,0.252971,1.896421,-0.63533,0.253471,1.896771,-0.635423,0.252971,1.896771,-0.635423,0.253471,1.896421,-0.63533,0.252971,1.89613,-0.635546,0.253471,1.896421,-0.63533,0.252971,1.896421,-0.63533,0.253471,1.89613,-0.635546,0.252971,1.89613,-0.635546,0.253471,1.896118,-0.635909,0.253471,1.89613,-0.635546,0.252971,1.896118,-0.635909,0.252971,1.89613,-0.635546,0.252971,1.897312,-0.634789,0.251771,1.896263,-0.634513,0.252971,1.896263,-0.634513,0.251771,1.897312,-0.634789],
  "indices" : [0,1,2,1,0,3,3,0,4,4,0,5,6,7,8,7,6,9,10,11,12,11,10,13,14,15,16,15,14,17,18,19,20,19,18,21,22,23,24,23,22,25,1,26,27,26,1,3,28,29,30,29,28,31,32,33,34,33,32,35,36,37,38,37,36,39,4,5,40,40,5,41,42,43,44,43,42,45,12,46,47,12,11,46,47,46,48,49,50,51,50,49,52,27,41,53,54,41,27,55,41,54,40,41,55,56,57,58,57,56,59,60,61,62,61,60,63,64,65,66,65,64,67,68,69,70,69,68,71,27,26,72,27,72,54,73,74,75,74,73,76],
  "Ni" : 1.00000,
  "Ka" : [1.00000,1.00000,1.00000],
  "d" : 1.00000,
  "Kd" : [0.09412,0.09412,0.09412],
  "illum" : 2,
  "Ks" : [0.16471,0.16471,0.16471],
  "Ns" : 96.07843
}