{
  "alias" : "Cap46_Cap46__9",
  "vertices" : [1.207738,2.211,-0.97974,1.197738,2.203,-0.97674,1.210738,2.203,-0.97674,1.200738,2.211,-0.97974,1.207738,2.211,-0.97974,1.204238,2.214,-0.98324,1.200738,2.211,-0.97974,1.207738,2.211,-0.97974,1.207738,2.211,-0.98674,1.204238,2.214,-0.98324,1.207738,2.211,-0.97974,1.210738,2.203,-0.98974,1.207738,2.211,-0.98674,1.210738,2.203,-0.97674,1.210738,2.203,-0.97674,1.210738,2.199,-0.98974,1.210738,2.203,-0.98974,1.210738,2.199,-0.97674,1.210738,2.203,-0.97674,1.197738,2.199,-0.97674,1.210738,2.199,-0.97674,1.197738,2.203,-0.97674,1.197738,2.203,-0.98974,1.197738,2.199,-0.97674,1.197738,2.203,-0.97674,1.197738,2.199,-0.98974,1.197738,2.203,-0.98974,1.210738,2.199,-0.98974,1.197738,2.199,-0.98974,1.210738,2.203,-0.98974,1.200738,2.211,-0.98674,1.210738,2.203,-0.98974,1.197738,2.203,-0.98974,1.207738,2.211,-0.98674,1.207738,2.211,-0.98674,1.200738,2.211,-0.98674,1.204238,2.214,-0.98324,1.204238,2.214,-0.98324,1.200738,2.211,-0.98674,1.200738,2.211,-0.97974,1.197738,2.203,-0.98974,1.200738,2.211,-0.97974,1.200738,2.211,-0.98674,1.197738,2.203,-0.97674,1.197738,2.199,-0.98974,1.211738,2.199,-0.99074,1.210738,2.199,-0.98974,1.196738,2.199,-0.99074,1.196738,2.199,-0.97574,1.197738,2.199,-0.97674,1.211738,2.199,-0.97574,1.210738,2.199,-0.97674],
  "indices" : [0,1,2,1,0,3,4,5,6,7,8,9,10,11,12,11,10,13,14,15,16,15,14,17,18,19,20,19,18,21,22,23,24,23,22,25,26,27,28,27,26,29,30,31,32,31,30,33,34,35,36,37,38,39,40,41,42,41,40,43],
  "Ni" : 1.00000,
  "Ka" : [1.00000,1.00000,1.00000],
  "d" : 1.00000,
  "Kd" : [0.77490,0.73412,0.59608],
  "illum" : 2,
  "Ks" : [0.16471,0.16471,0.16471],
  "Ns" : 96.07843
}