{
  "alias" : "Mesh325_Mesh325_Color_06",
  "vertices" : [0.779221,2.147,-0.94724,0.779221,2.147,-0.94574,0.911971,2.147,-0.94724,0.911971,2.147,-0.94574,0.779221,2.147,-0.94424,0.911971,2.147,-0.94424,0.779221,2.147,-0.94424,0.779221,2.144,-0.94424,0.911971,2.147,-0.94424,0.911971,2.144,-0.94424,0.911971,2.144,-0.94424,0.779221,2.144,-0.94424,0.911971,2.144,-0.94724,0.779221,2.144,-0.94724,0.911971,2.144,-0.94724,0.779221,2.144,-0.94724,0.911971,2.147,-0.94724,0.779221,2.147,-0.94724],
  "indices" : [0,1,2,3,2,1,4,3,1,5,3,4,6,7,8,9,8,7,10,11,12,13,12,11,14,15,16,17,16,15],
  "Ni" : 1.00000,
  "Ka" : [1.00000,1.00000,1.00000],
  "d" : 1.00000,
  "Kd" : [0.44549,0.44549,0.44549],
  "illum" : 2,
  "Ks" : [0.16471,0.16471,0.16471],
  "Ns" : 96.07843
}