{
  "alias" : "Cap60_Cap60__9",
  "vertices" : [0.257471,2.211,-0.659962,0.260471,2.203,-0.649962,0.260471,2.203,-0.662962,0.257471,2.211,-0.652962,0.257471,2.211,-0.659962,0.253971,2.214,-0.656462,0.257471,2.211,-0.652962,0.257471,2.211,-0.659962,0.250471,2.211,-0.659962,0.253971,2.214,-0.656462,0.257471,2.211,-0.659962,0.247471,2.203,-0.662962,0.250471,2.211,-0.659962,0.260471,2.203,-0.662962,0.260471,2.203,-0.662962,0.247471,2.199,-0.662962,0.247471,2.203,-0.662962,0.260471,2.199,-0.662962,0.260471,2.203,-0.662962,0.260471,2.199,-0.649962,0.260471,2.199,-0.662962,0.260471,2.203,-0.649962,0.247471,2.203,-0.649962,0.260471,2.199,-0.649962,0.260471,2.203,-0.649962,0.247471,2.199,-0.649962,0.247471,2.203,-0.649962,0.247471,2.199,-0.662962,0.247471,2.199,-0.649962,0.247471,2.203,-0.662962,0.250471,2.211,-0.652962,0.247471,2.203,-0.662962,0.247471,2.203,-0.649962,0.250471,2.211,-0.659962,0.250471,2.211,-0.659962,0.250471,2.211,-0.652962,0.253971,2.214,-0.656462,0.253971,2.214,-0.656462,0.250471,2.211,-0.652962,0.257471,2.211,-0.652962,0.247471,2.203,-0.649962,0.257471,2.211,-0.652962,0.250471,2.211,-0.652962,0.260471,2.203,-0.649962,0.247471,2.199,-0.649962,0.246471,2.199,-0.663962,0.247471,2.199,-0.662962,0.246471,2.199,-0.648962,0.261471,2.199,-0.648962,0.260471,2.199,-0.649962,0.261471,2.199,-0.663962,0.260471,2.199,-0.662962],
  "indices" : [0,1,2,1,0,3,4,5,6,7,8,9,10,11,12,11,10,13,14,15,16,15,14,17,18,19,20,19,18,21,22,23,24,23,22,25,26,27,28,27,26,29,30,31,32,31,30,33,34,35,36,37,38,39,40,41,42,41,40,43],
  "Ni" : 1.00000,
  "Ka" : [1.00000,1.00000,1.00000],
  "d" : 1.00000,
  "Kd" : [0.77490,0.73412,0.59608],
  "illum" : 2,
  "Ks" : [0.16471,0.16471,0.16471],
  "Ns" : 96.07843
}