{
  "alias" : "Mesh159_Mesh159_Foregrou",
  "vertices" : [1.197333,0.338659,-0.07674,1.197373,0.338659,-0.07674,1.197373,0.338659,-0.07274,1.197373,0.338659,-0.07274,1.197333,0.338659,-0.07274],
  "indices" : [0,1,2,0,3,4],
  "Ni" : 1.00000,
  "Ka" : [1.00000,1.00000,1.00000],
  "d" : 1.00000,
  "Kd" : [0.00000,0.00000,0.00000],
  "illum" : 2,
  "Ks" : [0.16471,0.16471,0.16471],
  "Ns" : 96.07843
}