{
  "alias" : "Cap_II1_Cap_II1_Color_03",
  "vertices" : [0.101471,1.915,-0.493073,0.063471,1.915,-0.495073,0.061471,1.915,-0.493073,0.099471,1.915,-0.495073,0.101471,1.915,-0.533073,0.099471,1.915,-0.531073,0.099471,1.915,-0.495073,0.099471,1.915,-0.531073,0.099471,1.931,-0.495073,0.099471,1.931,-0.531073,0.099471,1.931,-0.495073,0.099471,1.931,-0.531073,0.091471,1.951,-0.503073,0.091471,1.951,-0.523073,0.081471,1.957,-0.513073,0.091471,1.951,-0.503073,0.091471,1.951,-0.523073,0.071471,1.951,-0.503073,0.091471,1.951,-0.503073,0.081471,1.957,-0.513073,0.091471,1.951,-0.503073,0.071471,1.951,-0.503073,0.099471,1.931,-0.495073,0.063471,1.931,-0.495073,0.063471,1.931,-0.495073,0.063471,1.915,-0.495073,0.099471,1.931,-0.495073,0.063471,1.931,-0.495073,0.063471,1.931,-0.531073,0.063471,1.915,-0.495073,0.063471,1.931,-0.531073,0.063471,1.931,-0.495073,0.071471,1.951,-0.523073,0.071471,1.951,-0.503073,0.071471,1.951,-0.503073,0.081471,1.957,-0.513073,0.071471,1.951,-0.523073,0.071471,1.951,-0.523073,0.081471,1.957,-0.513073,0.091471,1.951,-0.523073,0.091471,1.951,-0.523073,0.099471,1.931,-0.531073,0.071471,1.951,-0.523073,0.063471,1.931,-0.531073,0.099471,1.931,-0.531073,0.099471,1.915,-0.531073,0.063471,1.931,-0.531073,0.063471,1.915,-0.531073,0.063471,1.915,-0.531073,0.063471,1.915,-0.531073,0.061471,1.915,-0.533073,0.101471,1.915,-0.533073,0.067971,1.904,-0.533073,0.061471,1.915,-0.533073,0.074221,1.906,-0.533073,0.080471,1.904,-0.533073,0.101471,1.8675,-0.533073,0.080471,1.898,-0.533073,0.078971,1.898,-0.533073,0.078971,1.8675,-0.533073,0.101471,1.8675,-0.533073,0.101471,1.866,-0.533073,0.078971,1.8675,-0.533073,0.101471,1.8675,-0.533073,0.101471,1.8675,-0.493073,0.101471,1.866,-0.533073,0.101471,1.8675,-0.493073,0.101471,1.8675,-0.533073,0.101471,1.915,-0.493073,0.101471,1.915,-0.533073,0.080471,1.898,-0.493073,0.080471,1.904,-0.493073,0.074221,1.906,-0.493073,0.067971,1.904,-0.493073,0.061471,1.904,-0.493073,0.061471,1.915,-0.493073,0.061471,1.904,-0.533073,0.061471,1.746,-0.493073,0.061471,1.746,-0.533073,0.078971,1.8675,-0.493073,0.078971,1.898,-0.493073,0.078971,1.8675,-0.493073,0.078971,1.866,-0.493073,0.101471,1.8675,-0.493073,0.101471,1.866,-0.493073,0.101471,1.866,-0.493073,0.101471,1.862,-0.533073,0.101471,1.862,-0.493073,0.101471,1.862,-0.493073,0.078971,1.862,-0.493073,0.101471,1.862,-0.533073,0.078971,1.866,-0.533073,0.078971,1.862,-0.533073,0.099471,1.915,-0.495073],
  "indices" : [60,61,62,63,64,65,81,82,83,84,83,82,85,65,64,65,85,86,87,86,85,88,84,89,82,89,84,61,90,91,92,91,90,91,62,61],
  "Ni" : 1.00000,
  "Ka" : [1.00000,1.00000,1.00000],
  "d" : 1.00000,
  "Kd" : [0.53333,0.53333,0.53333],
  "illum" : 2,
  "Ks" : [0.16471,0.16471,0.16471],
  "Ns" : 96.07843
}