{
  "alias" : "Mesh334_Mesh334_Foregrou",
  "vertices" : [0.066471,0.323857,-1.087393,0.066471,0.323857,-1.087393,0.066471,0.323868,-1.087363,0.066471,0.323868,-1.087363,0.066471,0.323868,-1.087363],
  "indices" : [0,1,2,0,3,4],
  "Ni" : 1.00000,
  "Ka" : [1.00000,1.00000,1.00000],
  "d" : 1.00000,
  "Kd" : [0.00000,0.00000,0.00000],
  "illum" : 2,
  "Ks" : [0.16471,0.16471,0.16471],
  "Ns" : 96.07843
}