{
  "alias" : "Mesh33_Mesh33__1",
  "vertices" : [0.121471,0.846,-0.07174,0.061471,0.696,-0.07174,0.121471,0.696,-0.07174,0.061471,0.846,-0.07174,0.061471,0.846,-0.13174,0.061471,0.696,-0.13174],
  "indices" : [0,1,2,1,0,3,4,1,3,1,4,5],
  "Ni" : 1.00000,
  "Ka" : [1.00000,1.00000,1.00000],
  "d" : 1.00000,
  "Kd" : [0.76407,0.72387,0.58780],
  "illum" : 2,
  "Ks" : [0.16471,0.16471,0.16471],
  "Ns" : 96.07843
}