{
  "alias" : "Cap_II7_Cap_II7_Color_03",
  "vertices" : [0.061471,1.915,-0.754407,0.063471,1.915,-0.752407,0.101471,1.915,-0.754407,0.061471,1.915,-0.714407,0.061471,1.904,-0.754407,0.061471,1.915,-0.714407,0.061471,1.915,-0.754407,0.061471,1.904,-0.714407,0.061471,1.746,-0.754407,0.061471,1.746,-0.714407,0.067971,1.904,-0.714407,0.101471,1.915,-0.714407,0.074221,1.906,-0.714407,0.080471,1.904,-0.714407,0.101471,1.8675,-0.714407,0.080471,1.898,-0.714407,0.078971,1.898,-0.714407,0.078971,1.8675,-0.714407,0.078971,1.8675,-0.714407,0.101471,1.866,-0.714407,0.101471,1.8675,-0.714407,0.078971,1.866,-0.714407,0.101471,1.862,-0.714407,0.078971,1.862,-0.714407,0.101471,1.862,-0.714407,0.101471,1.866,-0.754407,0.101471,1.866,-0.714407,0.101471,1.862,-0.754407,0.078971,1.862,-0.754407,0.101471,1.866,-0.754407,0.101471,1.862,-0.754407,0.078971,1.866,-0.754407,0.101471,1.8675,-0.754407,0.078971,1.8675,-0.754407,0.078971,1.8675,-0.754407,0.080471,1.898,-0.754407,0.101471,1.8675,-0.754407,0.078971,1.898,-0.754407,0.101471,1.915,-0.754407,0.080471,1.904,-0.754407,0.074221,1.906,-0.754407,0.067971,1.904,-0.754407,0.101471,1.8675,-0.714407,0.101471,1.915,-0.714407,0.099471,1.915,-0.752407,0.101471,1.915,-0.714407,0.063471,1.915,-0.752407,0.099471,1.931,-0.752407,0.099471,1.915,-0.752407,0.063471,1.931,-0.752407,0.063471,1.915,-0.752407,0.063471,1.931,-0.716407,0.063471,1.931,-0.752407,0.063471,1.915,-0.716407,0.063471,1.915,-0.716407,0.099471,1.915,-0.716407,0.099471,1.931,-0.752407,0.099471,1.915,-0.716407,0.099471,1.915,-0.752407,0.099471,1.931,-0.716407,0.091471,1.951,-0.744407,0.099471,1.931,-0.716407,0.099471,1.931,-0.752407,0.091471,1.951,-0.724407,0.091471,1.951,-0.724407,0.091471,1.951,-0.744407,0.081471,1.957,-0.734407,0.081471,1.957,-0.734407,0.091471,1.951,-0.744407,0.071471,1.951,-0.744407,0.099471,1.931,-0.752407,0.071471,1.951,-0.744407,0.091471,1.951,-0.744407,0.063471,1.931,-0.752407,0.063471,1.931,-0.752407,0.071471,1.951,-0.724407,0.071471,1.951,-0.744407,0.063471,1.931,-0.716407,0.099471,1.931,-0.716407,0.071471,1.951,-0.724407,0.063471,1.931,-0.716407,0.091471,1.951,-0.724407,0.091471,1.951,-0.724407,0.081471,1.957,-0.734407,0.071471,1.951,-0.724407,0.071471,1.951,-0.724407,0.081471,1.957,-0.734407,0.071471,1.951,-0.744407,0.063471,1.931,-0.716407,0.099471,1.915,-0.716407,0.099471,1.931,-0.716407,0.063471,1.915,-0.716407,0.101471,1.8675,-0.754407,0.101471,1.8675,-0.714407],
  "indices" : [18,19,20,19,18,21,21,22,19,22,21,23,24,25,26,25,24,27,28,29,30,29,28,31,31,32,29,32,31,33,26,92,93,92,26,25],
  "Ni" : 1.00000,
  "Ka" : [1.00000,1.00000,1.00000],
  "d" : 1.00000,
  "Kd" : [0.53333,0.53333,0.53333],
  "illum" : 2,
  "Ks" : [0.16471,0.16471,0.16471],
  "Ns" : 96.07843
}