{
  "alias" : "Mesh677_Mesh677_Foregrou",
  "vertices" : [1.758651,0.18,-1.11574,1.758291,0.18,-1.11574,1.758291,0.144,-1.11574,1.758291,0.144,-1.11574,1.758651,0.144,-1.11574,1.759071,0.18,-0.99574,1.757871,0.18,-0.99574,1.757871,0.18,-1.11574,1.757871,0.18,-1.11574,1.759071,0.18,-1.11574,1.758291,0.144,-0.99574,1.758651,0.144,-0.99574,1.758651,0.18,-0.99574,1.758651,0.18,-0.99574,1.758291,0.18,-0.99574],
  "indices" : [0,1,2,0,3,4,5,6,7,8,9,5,10,11,12,13,14,10],
  "Ni" : 1.00000,
  "Ka" : [1.00000,1.00000,1.00000],
  "d" : 1.00000,
  "Kd" : [0.00000,0.00000,0.00000],
  "illum" : 2,
  "Ks" : [0.16471,0.16471,0.16471],
  "Ns" : 96.07843
}