{
  "alias" : "Sign_Bra35_Sign_Bra35__10",
  "vertices" : [0.643471,2.325,-0.94724,0.643471,2.297802,-0.94424,0.643471,2.095,-0.79724,0.643471,2.092,-0.92224,0.649971,2.092,-0.92224,0.649971,2.084,-0.92224,0.640471,2.092,-0.92224,0.643471,2.092,-0.87624,0.649971,2.084,-0.87624,0.640471,2.092,-0.87624,0.649971,2.092,-0.87624,0.649971,2.092,-0.86824,0.649971,2.084,-0.86824,0.643471,2.092,-0.86824,0.649971,2.084,-0.82224,0.640471,2.092,-0.82224,0.649971,2.092,-0.82224,0.649971,2.092,-0.81424,0.640471,2.092,-0.81424,0.643471,2.092,-0.81424,0.643471,2.092,-0.79724,0.640471,2.092,-0.79724,0.640471,2.095,-0.79724,0.640471,2.297802,-0.94424,0.640471,2.325,-0.94724,0.640471,2.325,-0.94424,0.643471,2.325,-0.94424,0.640471,2.303,-0.94424,0.643471,2.303,-0.94424,0.643471,2.198687,-0.874192,0.640471,2.198687,-0.874192,0.643471,2.149129,-0.94424,0.643471,2.097121,-0.802413,0.643471,2.196237,-0.872461,0.640471,2.097121,-0.802413,0.643471,2.146679,-0.942509,0.643471,2.144109,-0.94424,0.643471,2.095,-0.805412,0.640471,2.095,-0.805412,0.640471,2.095,-0.94424,0.643471,2.095,-0.94424,0.640471,2.146679,-0.942509,0.640471,2.196237,-0.872461,0.640471,2.144109,-0.94424,0.640471,2.149129,-0.94424,0.640471,2.092,-0.93024,0.633971,2.092,-0.81424,0.633971,2.092,-0.82224,0.633971,2.084,-0.81424,0.633971,2.084,-0.82224,0.640471,2.092,-0.86824,0.633971,2.092,-0.87624,0.633971,2.092,-0.86824,0.633971,2.084,-0.86824,0.633971,2.084,-0.87624,0.633971,2.092,-0.92224,0.633971,2.084,-0.92224,0.633971,2.084,-0.93024,0.633971,2.092,-0.93024,0.649971,2.084,-0.93024,0.649971,2.092,-0.93024,0.643471,2.092,-0.93024,0.643471,2.092,-0.94724,0.640471,2.092,-0.94724,0.643471,2.092,-0.82224,0.649971,2.084,-0.81424],
  "indices" : [64,14,15,16,14,64,13,50,12,11,13,12,17,19,65,19,18,65,9,54,51,7,8,9,10,8,7,3,6,5,50,53,12,4,3,5,48,47,49,46,15,47,11,7,13,8,11,12,59,4,5,17,64,19,14,17,65,55,45,58,53,51,54,18,48,65,45,57,58,15,49,47,56,58,57,6,56,5,61,59,45,60,59,61,61,4,60,52,9,51,9,8,54,50,52,53,48,46,47,46,18,15,11,10,7,8,10,11,59,60,4,17,16,64,14,16,17,55,6,45,53,52,51,18,46,48,45,59,57,15,14,49,56,55,58,6,55,56,61,3,4,52,50,9],
  "Ni" : 1.00000,
  "Ka" : [1.00000,1.00000,1.00000],
  "d" : 1.00000,
  "Kd" : [0.49255,0.49569,0.48314],
  "illum" : 2,
  "Ks" : [0.16471,0.16471,0.16471],
  "Ns" : 96.07843
}