{
  "alias" : "Cap57_Cap57__9",
  "vertices" : [1.566471,2.147,-0.906507,1.579471,2.147,-0.906507,1.569471,2.155,-0.909507,1.579471,2.147,-0.906507,1.566471,2.147,-0.906507,1.579471,2.143,-0.906507,1.566471,2.143,-0.906507,1.566471,2.143,-0.906507,1.579471,2.143,-0.906507,1.565471,2.143,-0.905507,1.580471,2.143,-0.905507,1.579471,2.143,-0.919507,1.580471,2.143,-0.920507,1.565471,2.143,-0.920507,1.566471,2.143,-0.919507,1.566471,2.143,-0.906507,1.566471,2.147,-0.906507,1.566471,2.143,-0.919507,1.566471,2.147,-0.919507,1.566471,2.147,-0.919507,1.579471,2.147,-0.919507,1.566471,2.143,-0.919507,1.579471,2.147,-0.919507,1.566471,2.147,-0.919507,1.576471,2.155,-0.916507,1.569471,2.155,-0.916507,1.572971,2.158,-0.913007,1.576471,2.155,-0.916507,1.569471,2.155,-0.916507,1.576471,2.155,-0.909507,1.576471,2.155,-0.916507,1.572971,2.158,-0.913007,1.576471,2.155,-0.916507,1.576471,2.155,-0.909507,1.579471,2.147,-0.919507,1.579471,2.147,-0.906507,1.579471,2.147,-0.906507,1.579471,2.143,-0.906507,1.579471,2.147,-0.919507,1.579471,2.143,-0.919507,1.579471,2.143,-0.919507,1.576471,2.155,-0.909507,1.576471,2.155,-0.909507,1.572971,2.158,-0.913007,1.569471,2.155,-0.909507,1.572971,2.158,-0.913007,1.569471,2.155,-0.916507,1.569471,2.155,-0.909507,1.569471,2.155,-0.916507,1.566471,2.147,-0.919507,1.569471,2.155,-0.909507,1.566471,2.147,-0.906507],
  "indices" : [0,1,2,3,4,5,6,5,4,15,16,17,18,17,16,19,20,21,22,23,24,25,24,23,26,27,28,29,30,31,32,33,34,35,34,33,36,37,38,39,38,37,40,21,20,41,2,1,42,43,44,45,46,47,48,49,50,51,50,49],
  "Ni" : 1.00000,
  "Ka" : [1.00000,1.00000,1.00000],
  "d" : 1.00000,
  "Kd" : [0.77490,0.73412,0.59608],
  "illum" : 2,
  "Ks" : [0.16471,0.16471,0.16471],
  "Ns" : 96.07843
}