{
  "alias" : "Mesh237_Mesh237_Color_06",
  "vertices" : [0.364752,2.196238,-0.35374,0.363019,2.198687,-0.35374,0.364752,2.196238,-0.48649,0.363019,2.198687,-0.48649,0.363019,2.198687,-0.35374,0.365468,2.200419,-0.35374,0.363019,2.198687,-0.48649,0.365468,2.200419,-0.48649,0.365468,2.200419,-0.35374,0.367201,2.19797,-0.35374,0.365468,2.200419,-0.48649,0.367201,2.19797,-0.48649,0.367201,2.19797,-0.48649,0.367201,2.19797,-0.35374,0.364752,2.196238,-0.48649,0.364752,2.196238,-0.35374],
  "indices" : [0,1,2,3,2,1,4,5,6,7,6,5,8,9,10,11,10,9,12,13,14,15,14,13],
  "Ni" : 1.00000,
  "Ka" : [1.00000,1.00000,1.00000],
  "d" : 1.00000,
  "Kd" : [0.44549,0.44549,0.44549],
  "illum" : 2,
  "Ks" : [0.16471,0.16471,0.16471],
  "Ns" : 96.07843
}