{
  "alias" : "Cap_II6_Cap_II6_Color_03",
  "vertices" : [1.272671,1.915,-0.07174,1.274671,1.915,-0.07374,1.272671,1.915,-0.11174,1.312671,1.915,-0.07174,1.272671,1.904,-0.07174,1.312671,1.915,-0.07174,1.272671,1.915,-0.07174,1.312671,1.904,-0.07174,1.272671,1.746,-0.07174,1.312671,1.746,-0.07174,1.312671,1.904,-0.07824,1.312671,1.915,-0.11174,1.312671,1.906,-0.08449,1.312671,1.904,-0.09074,1.312671,1.8675,-0.11174,1.312671,1.898,-0.09074,1.312671,1.898,-0.08924,1.312671,1.8675,-0.08924,1.312671,1.8675,-0.08924,1.312671,1.866,-0.11174,1.312671,1.8675,-0.11174,1.312671,1.866,-0.08924,1.312671,1.862,-0.11174,1.312671,1.862,-0.08924,1.312671,1.862,-0.11174,1.272671,1.866,-0.11174,1.312671,1.866,-0.11174,1.272671,1.862,-0.11174,1.272671,1.862,-0.08924,1.272671,1.866,-0.11174,1.272671,1.862,-0.11174,1.272671,1.866,-0.08924,1.272671,1.8675,-0.11174,1.272671,1.8675,-0.08924,1.272671,1.8675,-0.08924,1.272671,1.898,-0.09074,1.272671,1.8675,-0.11174,1.272671,1.898,-0.08924,1.272671,1.915,-0.11174,1.272671,1.904,-0.09074,1.272671,1.906,-0.08449,1.272671,1.904,-0.07824,1.312671,1.8675,-0.11174,1.312671,1.915,-0.11174,1.274671,1.915,-0.10974,1.312671,1.915,-0.11174,1.274671,1.915,-0.07374,1.274671,1.931,-0.10974,1.274671,1.915,-0.10974,1.274671,1.931,-0.07374,1.274671,1.915,-0.07374,1.310671,1.931,-0.07374,1.274671,1.931,-0.07374,1.310671,1.915,-0.07374,1.310671,1.915,-0.07374,1.310671,1.915,-0.10974,1.274671,1.931,-0.10974,1.310671,1.915,-0.10974,1.274671,1.915,-0.10974,1.310671,1.931,-0.10974,1.282671,1.951,-0.10174,1.310671,1.931,-0.10974,1.274671,1.931,-0.10974,1.302671,1.951,-0.10174,1.302671,1.951,-0.10174,1.282671,1.951,-0.10174,1.292671,1.957,-0.09174,1.292671,1.957,-0.09174,1.282671,1.951,-0.10174,1.282671,1.951,-0.08174,1.274671,1.931,-0.10974,1.282671,1.951,-0.08174,1.282671,1.951,-0.10174,1.274671,1.931,-0.07374,1.274671,1.931,-0.07374,1.302671,1.951,-0.08174,1.282671,1.951,-0.08174,1.310671,1.931,-0.07374,1.310671,1.931,-0.10974,1.302671,1.951,-0.08174,1.310671,1.931,-0.07374,1.302671,1.951,-0.10174,1.302671,1.951,-0.10174,1.292671,1.957,-0.09174,1.302671,1.951,-0.08174,1.302671,1.951,-0.08174,1.292671,1.957,-0.09174,1.282671,1.951,-0.08174,1.310671,1.931,-0.07374,1.310671,1.915,-0.10974,1.310671,1.931,-0.10974,1.310671,1.915,-0.07374,1.272671,1.8675,-0.11174,1.312671,1.8675,-0.11174],
  "indices" : [18,19,20,19,18,21,21,22,19,22,21,23,24,25,26,25,24,27,28,29,30,29,28,31,31,32,29,32,31,33,26,92,93,92,26,25],
  "Ni" : 1.00000,
  "Ka" : [1.00000,1.00000,1.00000],
  "d" : 1.00000,
  "Kd" : [0.53333,0.53333,0.53333],
  "illum" : 2,
  "Ks" : [0.16471,0.16471,0.16471],
  "Ns" : 96.07843
}