{
  "alias" : "Cap58_Cap58__9",
  "vertices" : [1.496238,2.147,-0.98974,1.496238,2.147,-0.97674,1.499238,2.155,-0.98674,1.496238,2.147,-0.97674,1.496238,2.147,-0.98974,1.496238,2.143,-0.97674,1.496238,2.143,-0.98974,1.496238,2.143,-0.98974,1.496238,2.143,-0.97674,1.495238,2.143,-0.99074,1.495238,2.143,-0.97574,1.509238,2.143,-0.97674,1.510238,2.143,-0.97574,1.510238,2.143,-0.99074,1.509238,2.143,-0.98974,1.496238,2.143,-0.98974,1.496238,2.147,-0.98974,1.509238,2.143,-0.98974,1.509238,2.147,-0.98974,1.509238,2.147,-0.98974,1.509238,2.147,-0.97674,1.509238,2.143,-0.98974,1.509238,2.147,-0.97674,1.509238,2.147,-0.98974,1.506238,2.155,-0.97974,1.506238,2.155,-0.98674,1.502738,2.158,-0.98324,1.506238,2.155,-0.97974,1.506238,2.155,-0.98674,1.499238,2.155,-0.97974,1.506238,2.155,-0.97974,1.502738,2.158,-0.98324,1.506238,2.155,-0.97974,1.499238,2.155,-0.97974,1.509238,2.147,-0.97674,1.496238,2.147,-0.97674,1.496238,2.147,-0.97674,1.496238,2.143,-0.97674,1.509238,2.147,-0.97674,1.509238,2.143,-0.97674,1.509238,2.143,-0.97674,1.499238,2.155,-0.97974,1.499238,2.155,-0.97974,1.502738,2.158,-0.98324,1.499238,2.155,-0.98674,1.502738,2.158,-0.98324,1.506238,2.155,-0.98674,1.499238,2.155,-0.98674,1.506238,2.155,-0.98674,1.509238,2.147,-0.98974,1.499238,2.155,-0.98674,1.496238,2.147,-0.98974],
  "indices" : [0,1,2,3,4,5,6,5,4,15,16,17,18,17,16,19,20,21,22,23,24,25,24,23,26,27,28,29,30,31,32,33,34,35,34,33,36,37,38,39,38,37,40,21,20,41,2,1,42,43,44,45,46,47,48,49,50,51,50,49],
  "Ni" : 1.00000,
  "Ka" : [1.00000,1.00000,1.00000],
  "d" : 1.00000,
  "Kd" : [0.77490,0.73412,0.59608],
  "illum" : 2,
  "Ks" : [0.16471,0.16471,0.16471],
  "Ns" : 96.07843
}