{
  "alias" : "Cap_II8_Cap_II8__1",
  "vertices" : [1.765471,1.915,-0.714407,1.763471,1.915,-0.716407,1.725471,1.915,-0.714407,1.765471,1.915,-0.754407,1.765471,1.904,-0.714407,1.765471,1.915,-0.754407,1.765471,1.915,-0.714407,1.765471,1.904,-0.754407,1.765471,1.746,-0.714407,1.765471,1.746,-0.754407,1.758971,1.904,-0.754407,1.725471,1.915,-0.754407,1.752721,1.906,-0.754407,1.746471,1.904,-0.754407,1.725471,1.8675,-0.754407,1.746471,1.898,-0.754407,1.747971,1.898,-0.754407,1.747971,1.8675,-0.754407,1.747971,1.8675,-0.754407,1.725471,1.866,-0.754407,1.725471,1.8675,-0.754407,1.747971,1.866,-0.754407,1.725471,1.862,-0.754407,1.747971,1.862,-0.754407,1.725471,1.862,-0.754407,1.725471,1.866,-0.714407,1.725471,1.866,-0.754407,1.725471,1.862,-0.714407,1.747971,1.862,-0.714407,1.725471,1.866,-0.714407,1.725471,1.862,-0.714407,1.747971,1.866,-0.714407,1.725471,1.8675,-0.714407,1.747971,1.8675,-0.714407,1.747971,1.8675,-0.714407,1.746471,1.898,-0.714407,1.725471,1.8675,-0.714407,1.747971,1.898,-0.714407,1.725471,1.915,-0.714407,1.746471,1.904,-0.714407,1.752721,1.906,-0.714407,1.758971,1.904,-0.714407,1.725471,1.8675,-0.754407,1.725471,1.915,-0.754407,1.727471,1.915,-0.716407,1.725471,1.915,-0.754407,1.763471,1.915,-0.716407,1.727471,1.931,-0.716407,1.727471,1.915,-0.716407,1.763471,1.931,-0.716407,1.763471,1.915,-0.716407,1.763471,1.931,-0.752407,1.763471,1.931,-0.716407,1.763471,1.915,-0.752407,1.763471,1.915,-0.752407,1.727471,1.915,-0.752407,1.727471,1.931,-0.716407,1.727471,1.915,-0.752407,1.727471,1.915,-0.716407,1.727471,1.931,-0.752407,1.735471,1.951,-0.724407,1.727471,1.931,-0.752407,1.727471,1.931,-0.716407,1.735471,1.951,-0.744407,1.735471,1.951,-0.744407,1.735471,1.951,-0.724407,1.745471,1.957,-0.734407,1.745471,1.957,-0.734407,1.735471,1.951,-0.724407,1.755471,1.951,-0.724407,1.727471,1.931,-0.716407,1.755471,1.951,-0.724407,1.735471,1.951,-0.724407,1.763471,1.931,-0.716407,1.763471,1.931,-0.716407,1.755471,1.951,-0.744407,1.755471,1.951,-0.724407,1.763471,1.931,-0.752407,1.727471,1.931,-0.752407,1.755471,1.951,-0.744407,1.763471,1.931,-0.752407,1.735471,1.951,-0.744407,1.735471,1.951,-0.744407,1.745471,1.957,-0.734407,1.755471,1.951,-0.744407,1.755471,1.951,-0.744407,1.745471,1.957,-0.734407,1.755471,1.951,-0.724407,1.763471,1.931,-0.752407,1.727471,1.915,-0.752407,1.727471,1.931,-0.752407,1.763471,1.915,-0.752407,1.725471,1.8675,-0.714407,1.725471,1.8675,-0.754407],
  "indices" : [0,1,2,1,0,3,4,5,6,4,7,5,8,7,4,7,8,9,10,5,7,5,10,11,11,10,12,11,12,13,11,13,14,15,14,13,16,14,15,14,16,17,34,35,36,35,34,37,36,35,38,39,38,35,40,38,39,41,38,40,4,38,41,38,4,6,38,42,36,42,38,43,2,44,45,44,2,1,1,3,54,54,3,55,45,55,3,45,44,55],
  "Ni" : 1.00000,
  "Ka" : [1.00000,1.00000,1.00000],
  "d" : 1.00000,
  "Kd" : [0.76407,0.72387,0.58780],
  "illum" : 2,
  "Ks" : [0.16471,0.16471,0.16471],
  "Ns" : 96.07843
}