{
  "alias" : "Cap46_Cap46_Color_00",
  "vertices" : [1.207738,2.211,-0.97974,1.197738,2.203,-0.97674,1.210738,2.203,-0.97674,1.200738,2.211,-0.97974,1.207738,2.211,-0.97974,1.204238,2.214,-0.98324,1.200738,2.211,-0.97974,1.207738,2.211,-0.97974,1.207738,2.211,-0.98674,1.204238,2.214,-0.98324,1.207738,2.211,-0.97974,1.210738,2.203,-0.98974,1.207738,2.211,-0.98674,1.210738,2.203,-0.97674,1.210738,2.203,-0.97674,1.210738,2.199,-0.98974,1.210738,2.203,-0.98974,1.210738,2.199,-0.97674,1.210738,2.203,-0.97674,1.197738,2.199,-0.97674,1.210738,2.199,-0.97674,1.197738,2.203,-0.97674,1.197738,2.203,-0.98974,1.197738,2.199,-0.97674,1.197738,2.203,-0.97674,1.197738,2.199,-0.98974,1.197738,2.203,-0.98974,1.210738,2.199,-0.98974,1.197738,2.199,-0.98974,1.210738,2.203,-0.98974,1.200738,2.211,-0.98674,1.210738,2.203,-0.98974,1.197738,2.203,-0.98974,1.207738,2.211,-0.98674,1.207738,2.211,-0.98674,1.200738,2.211,-0.98674,1.204238,2.214,-0.98324,1.204238,2.214,-0.98324,1.200738,2.211,-0.98674,1.200738,2.211,-0.97974,1.197738,2.203,-0.98974,1.200738,2.211,-0.97974,1.200738,2.211,-0.98674,1.197738,2.203,-0.97674,1.197738,2.199,-0.98974,1.211738,2.199,-0.99074,1.210738,2.199,-0.98974,1.196738,2.199,-0.99074,1.196738,2.199,-0.97574,1.197738,2.199,-0.97674,1.211738,2.199,-0.97574,1.210738,2.199,-0.97674],
  "indices" : [44,45,46,44,47,45,47,44,48,49,48,44,48,49,50,50,49,51,50,51,45,46,45,51],
  "Ni" : 1.00000,
  "Ka" : [1.00000,1.00000,1.00000],
  "d" : 1.00000,
  "Kd" : [0.41387,0.41387,0.41387],
  "illum" : 2,
  "Ks" : [0.16471,0.16471,0.16471],
  "Ns" : 96.07843
}