{
  "alias" : "Mesh391_Mesh391_Color_02",
  "vertices" : [0.643471,2.249,-0.45774,0.643471,2.252,-0.45774,0.799471,2.249,-0.60174,0.643471,2.249,-0.60174,0.799471,2.252,-0.60174,0.643471,2.252,-0.60174,0.655471,2.252,-0.58974,0.799471,2.252,-0.45774,0.799471,2.249,-0.45774,0.799471,2.234,-0.45774,0.643471,2.111,-0.45774,0.799471,2.111,-0.45774,0.643471,2.108,-0.45774,0.799471,2.108,-0.45774,0.799471,2.084,-0.45774,0.799471,2.084,-0.46374,0.799471,2.108,-0.46374,0.799471,2.108,-0.59574,0.799471,2.084,-0.59574,0.799471,2.108,-0.60174,0.799471,2.084,-0.60174,0.793471,2.084,-0.60174,0.793471,2.108,-0.60174,0.649471,2.084,-0.60174,0.649471,2.108,-0.60174,0.643471,2.084,-0.60174,0.643471,2.084,-0.59574,0.643471,2.108,-0.60174,0.643471,2.084,-0.46374,0.643471,2.108,-0.59574,0.643471,2.084,-0.45774,0.643471,2.108,-0.46374,0.649471,2.084,-0.45774,0.793471,2.108,-0.45774,0.649471,2.108,-0.45774,0.793471,2.084,-0.45774,0.643471,2.111,-0.60174,0.799471,2.111,-0.60174,0.815471,2.252,-0.58974,0.787471,2.252,-0.58974,0.682471,2.252,-0.46974,0.655471,2.252,-0.46974,0.668971,2.24,-0.58974,0.682471,2.24,-0.46974,0.682471,2.252,-0.58974,0.682471,2.24,-0.58974,0.668971,2.24,-0.46974,0.690471,2.252,-0.46974,0.717471,2.252,-0.46974,0.787471,2.252,-0.46974,0.725471,2.252,-0.58974,0.717471,2.24,-0.46974,0.703971,2.24,-0.46974,0.717471,2.24,-0.58974,0.717471,2.252,-0.58974,0.703971,2.24,-0.58974,0.690471,2.252,-0.58974,0.738971,2.24,-0.46974,0.752471,2.24,-0.58974,0.752471,2.24,-0.46974,0.752471,2.252,-0.58974,0.725471,2.252,-0.46974,0.752471,2.252,-0.46974,0.738971,2.24,-0.58974,0.760471,2.252,-0.58974,0.760471,2.252,-0.46974,0.773971,2.24,-0.58974,0.787471,2.24,-0.46974,0.773971,2.24,-0.46974,0.787471,2.24,-0.58974,0.823471,2.252,-0.45774,0.823471,2.24,-0.60174,0.823471,2.252,-0.60174,0.815471,2.238,-0.46974,0.823471,2.24,-0.45774,0.799471,2.234,-0.46974,0.799471,2.234,-0.60174,0.815471,2.238,-0.58974,0.799471,2.249,-0.46974,0.815471,2.252,-0.46974,0.799471,2.252,-0.46974,0.799471,2.249,-0.58974,0.799471,2.252,-0.58974,0.799471,2.234,-0.58974],
  "indices" : [48,53,51,58,57,59,63,61,57,62,58,59,42,41,46,45,46,43,40,45,43,49,69,67,55,47,52,53,52,51,66,65,68,69,68,67,48,54,53,58,63,57,63,50,61,62,60,58,42,6,41,45,42,46,40,44,45,49,39,69,55,56,47,53,55,52,66,64,65,69,66,68],
  "Ni" : 1.00000,
  "Ka" : [1.00000,1.00000,1.00000],
  "d" : 1.00000,
  "Kd" : [0.09412,0.09412,0.09412],
  "illum" : 2,
  "Ks" : [0.16471,0.16471,0.16471],
  "Ns" : 96.07843
}