{
  "alias" : "Mesh12_Mesh12__1",
  "vertices" : [0.061471,0.546,-0.754407,0.061471,0.396,-0.714407,0.061471,0.546,-0.714407,0.061471,0.396,-0.754407],
  "indices" : [0,1,2,1,0,3],
  "Ni" : 1.00000,
  "Ka" : [1.00000,1.00000,1.00000],
  "d" : 1.00000,
  "Kd" : [0.76407,0.72387,0.58780],
  "illum" : 2,
  "Ks" : [0.16471,0.16471,0.16471],
  "Ns" : 96.07843
}