{
  "alias" : "Mesh127_Mesh127__1",
  "vertices" : [1.765471,1.446,-0.31174,1.765471,1.596,-0.25174,1.765471,1.446,-0.25174,1.765471,1.596,-0.31174],
  "indices" : [0,1,2,1,0,3],
  "Ni" : 1.00000,
  "Ka" : [1.00000,1.00000,1.00000],
  "d" : 1.00000,
  "Kd" : [0.76407,0.72387,0.58780],
  "illum" : 2,
  "Ks" : [0.16471,0.16471,0.16471],
  "Ns" : 96.07843
}