{
  "alias" : "Cap_II8_Cap_II8__9",
  "vertices" : [1.765471,1.915,-0.714407,1.763471,1.915,-0.716407,1.725471,1.915,-0.714407,1.765471,1.915,-0.754407,1.765471,1.904,-0.714407,1.765471,1.915,-0.754407,1.765471,1.915,-0.714407,1.765471,1.904,-0.754407,1.765471,1.746,-0.714407,1.765471,1.746,-0.754407,1.758971,1.904,-0.754407,1.725471,1.915,-0.754407,1.752721,1.906,-0.754407,1.746471,1.904,-0.754407,1.725471,1.8675,-0.754407,1.746471,1.898,-0.754407,1.747971,1.898,-0.754407,1.747971,1.8675,-0.754407,1.747971,1.8675,-0.754407,1.725471,1.866,-0.754407,1.725471,1.8675,-0.754407,1.747971,1.866,-0.754407,1.725471,1.862,-0.754407,1.747971,1.862,-0.754407,1.725471,1.862,-0.754407,1.725471,1.866,-0.714407,1.725471,1.866,-0.754407,1.725471,1.862,-0.714407,1.747971,1.862,-0.714407,1.725471,1.866,-0.714407,1.725471,1.862,-0.714407,1.747971,1.866,-0.714407,1.725471,1.8675,-0.714407,1.747971,1.8675,-0.714407,1.747971,1.8675,-0.714407,1.746471,1.898,-0.714407,1.725471,1.8675,-0.714407,1.747971,1.898,-0.714407,1.725471,1.915,-0.714407,1.746471,1.904,-0.714407,1.752721,1.906,-0.714407,1.758971,1.904,-0.714407,1.725471,1.8675,-0.754407,1.725471,1.915,-0.754407,1.727471,1.915,-0.716407,1.725471,1.915,-0.754407,1.763471,1.915,-0.716407,1.727471,1.931,-0.716407,1.727471,1.915,-0.716407,1.763471,1.931,-0.716407,1.763471,1.915,-0.716407,1.763471,1.931,-0.752407,1.763471,1.931,-0.716407,1.763471,1.915,-0.752407,1.763471,1.915,-0.752407,1.727471,1.915,-0.752407,1.727471,1.931,-0.716407,1.727471,1.915,-0.752407,1.727471,1.915,-0.716407,1.727471,1.931,-0.752407,1.735471,1.951,-0.724407,1.727471,1.931,-0.752407,1.727471,1.931,-0.716407,1.735471,1.951,-0.744407,1.735471,1.951,-0.744407,1.735471,1.951,-0.724407,1.745471,1.957,-0.734407,1.745471,1.957,-0.734407,1.735471,1.951,-0.724407,1.755471,1.951,-0.724407,1.727471,1.931,-0.716407,1.755471,1.951,-0.724407,1.735471,1.951,-0.724407,1.763471,1.931,-0.716407,1.763471,1.931,-0.716407,1.755471,1.951,-0.744407,1.755471,1.951,-0.724407,1.763471,1.931,-0.752407,1.727471,1.931,-0.752407,1.755471,1.951,-0.744407,1.763471,1.931,-0.752407,1.735471,1.951,-0.744407,1.735471,1.951,-0.744407,1.745471,1.957,-0.734407,1.755471,1.951,-0.744407,1.755471,1.951,-0.744407,1.745471,1.957,-0.734407,1.755471,1.951,-0.724407,1.763471,1.931,-0.752407,1.727471,1.915,-0.752407,1.727471,1.931,-0.752407,1.763471,1.915,-0.752407,1.725471,1.8675,-0.714407,1.725471,1.8675,-0.754407],
  "indices" : [46,47,48,47,46,49,50,51,52,51,50,53,56,57,58,57,56,59,60,61,62,61,60,63,64,65,66,67,68,69,70,71,72,71,70,73,74,75,76,75,74,77,78,79,80,79,78,81,82,83,84,85,86,87,88,89,90,89,88,91],
  "Ni" : 1.00000,
  "Ka" : [1.00000,1.00000,1.00000],
  "d" : 1.00000,
  "Kd" : [0.77490,0.73412,0.59608],
  "illum" : 2,
  "Ks" : [0.16471,0.16471,0.16471],
  "Ns" : 96.07843
}