{
  "alias" : "Arch_1_8_Arch_1_8_Color_03",
  "vertices" : [1.565471,2.088,-0.829573,1.565471,2.084,-0.829573,1.567971,2.088,-0.829573,1.565471,2.088,-0.829573,1.565471,2.088,-0.844573,1.565471,2.084,-0.829573,1.565471,2.0895,-0.844573,1.565471,2.0895,-0.829573,1.565471,2.0895,-0.844573,1.565471,2.0895,-0.829573,1.565471,2.143,-0.844573,1.565471,2.143,-0.829573,1.565471,2.0895,-0.829573,1.566471,2.132,-0.829573,1.565471,2.143,-0.829573,1.566471,2.126,-0.829573,1.567971,2.0895,-0.829573,1.567971,2.126,-0.829573,1.565471,2.0895,-0.829573,1.567971,2.0895,-0.829573,1.580471,2.143,-0.829573,1.572721,2.134,-0.829573,1.578971,2.132,-0.829573,1.578971,2.126,-0.829573,1.578971,2.040483,-0.829573,1.578971,2.036,-0.829573,1.580471,1.8675,-0.829573,1.578471,1.901,-0.829573,1.578471,1.904,-0.829573,1.576471,2.036,-0.829573,1.576471,1.904,-0.829573,1.576471,1.8675,-0.829573,1.576471,1.901,-0.829573,1.576471,1.8675,-0.829573,1.576471,1.866,-0.829573,1.580471,1.8675,-0.829573,1.580471,1.866,-0.829573,1.580471,1.866,-0.829573,1.580471,1.866,-0.844573,1.580471,1.8675,-0.829573,1.580471,1.862,-0.844573,1.580471,1.862,-0.829573,1.580471,1.862,-0.829573,1.576471,1.862,-0.829573,1.580471,1.866,-0.844573,1.580471,1.862,-0.844573,1.576471,1.866,-0.844573,1.576471,1.862,-0.844573,1.576471,1.8675,-0.844573,1.580471,1.8675,-0.844573,1.580471,1.8675,-0.844573,1.580471,1.8675,-0.829573,1.580471,1.8675,-0.844573,1.580471,2.143,-0.829573,1.580471,2.143,-0.844573,1.580471,1.8675,-0.844573,1.578971,2.036,-0.844573,1.580471,2.143,-0.844573,1.578471,1.904,-0.844573,1.578471,1.901,-0.844573,1.576471,1.901,-0.844573,1.576471,1.8675,-0.844573,1.576471,2.036,-0.844573,1.576471,1.904,-0.844573,1.578971,2.040483,-0.844573,1.578971,2.126,-0.844573,1.577471,2.040483,-0.844573,1.577471,2.126,-0.844573,1.578971,2.132,-0.844573,1.572721,2.134,-0.844573,1.566471,2.132,-0.844573,1.565471,2.143,-0.844573,1.566471,2.126,-0.844573,1.567971,2.0895,-0.844573,1.567971,2.126,-0.844573,1.565471,2.0895,-0.844573,1.567971,2.0895,-0.844573,1.567971,2.088,-0.844573,1.565471,2.0895,-0.844573,1.565471,2.088,-0.844573,1.567971,2.084,-0.844573,1.565471,2.084,-0.844573,1.565471,2.084,-0.844573,1.577471,2.040483,-0.829573,1.577471,2.126,-0.829573,1.567971,2.084,-0.829573],
  "indices" : [0,1,2,3,4,5,4,3,6,7,6,3,18,0,19,0,2,19,33,34,35,36,35,34,37,38,39,38,37,40,41,40,37,42,36,43,34,43,36,44,45,46,47,46,45,46,48,44,49,44,48,50,39,38,76,77,78,79,78,77,77,80,79,81,79,80,82,5,4,85,2,1],
  "Ni" : 1.00000,
  "Ka" : [1.00000,1.00000,1.00000],
  "d" : 1.00000,
  "Kd" : [0.53333,0.53333,0.53333],
  "illum" : 2,
  "Ks" : [0.16471,0.16471,0.16471],
  "Ns" : 96.07843
}