{
  "alias" : "Arch_1_1_Arch_1_1__1",
  "vertices" : [0.408371,2.088,-0.27174,0.408371,2.084,-0.27174,0.408371,2.088,-0.26924,0.408371,2.088,-0.27174,0.423371,2.088,-0.27174,0.408371,2.084,-0.27174,0.423371,2.0895,-0.27174,0.408371,2.0895,-0.27174,0.423371,2.0895,-0.27174,0.408371,2.0895,-0.27174,0.423371,2.143,-0.27174,0.408371,2.143,-0.27174,0.408371,2.0895,-0.27174,0.408371,2.132,-0.27074,0.408371,2.143,-0.27174,0.408371,2.126,-0.27074,0.408371,2.0895,-0.26924,0.408371,2.126,-0.26924,0.408371,2.0895,-0.27174,0.408371,2.0895,-0.26924,0.408371,2.143,-0.25674,0.408371,2.134,-0.26449,0.408371,2.132,-0.25824,0.408371,2.126,-0.25824,0.408371,2.040483,-0.25824,0.408371,2.036,-0.25824,0.408371,1.8675,-0.25674,0.408371,1.901,-0.25874,0.408371,1.904,-0.25874,0.408371,2.036,-0.26074,0.408371,1.904,-0.26074,0.408371,1.8675,-0.26074,0.408371,1.901,-0.26074,0.408371,1.8675,-0.26074,0.408371,1.866,-0.26074,0.408371,1.8675,-0.25674,0.408371,1.866,-0.25674,0.408371,1.866,-0.25674,0.423371,1.866,-0.25674,0.408371,1.8675,-0.25674,0.423371,1.862,-0.25674,0.408371,1.862,-0.25674,0.408371,1.862,-0.25674,0.408371,1.862,-0.26074,0.423371,1.866,-0.25674,0.423371,1.862,-0.25674,0.423371,1.866,-0.26074,0.423371,1.862,-0.26074,0.423371,1.8675,-0.26074,0.423371,1.8675,-0.25674,0.423371,1.8675,-0.25674,0.408371,1.8675,-0.25674,0.423371,1.8675,-0.25674,0.408371,2.143,-0.25674,0.423371,2.143,-0.25674,0.423371,1.8675,-0.25674,0.423371,2.036,-0.25824,0.423371,2.143,-0.25674,0.423371,1.904,-0.25874,0.423371,1.901,-0.25874,0.423371,1.901,-0.26074,0.423371,1.8675,-0.26074,0.423371,2.036,-0.26074,0.423371,1.904,-0.26074,0.423371,2.040483,-0.25824,0.423371,2.126,-0.25824,0.423371,2.040483,-0.25974,0.423371,2.126,-0.25974,0.423371,2.132,-0.25824,0.423371,2.134,-0.26449,0.423371,2.132,-0.27074,0.423371,2.143,-0.27174,0.423371,2.126,-0.27074,0.423371,2.0895,-0.26924,0.423371,2.126,-0.26924,0.423371,2.0895,-0.27174,0.423371,2.0895,-0.26924,0.423371,2.088,-0.26924,0.423371,2.0895,-0.27174,0.423371,2.088,-0.27174,0.423371,2.084,-0.26924,0.423371,2.084,-0.27174,0.423371,2.084,-0.27174,0.408371,2.040483,-0.25974,0.408371,2.126,-0.25974,0.408371,2.084,-0.26924],
  "indices" : [8,9,10,11,10,9,12,13,14,13,12,15,16,15,12,17,15,16,20,14,13,21,20,13,22,20,21,23,20,22,24,20,23,25,20,24,20,25,26,25,27,26,27,25,28,25,29,28,30,28,29,26,27,31,32,31,27,51,52,53,54,53,52,55,56,57,56,55,58,58,55,59,59,55,60,61,60,55,56,58,62,63,62,58,56,64,57,64,65,57,64,66,65,67,65,66,65,68,57,68,69,57,69,70,57,57,70,71,72,71,70,72,73,71,74,73,72,75,71,73,24,23,83,84,83,23],
  "Ni" : 1.00000,
  "Ka" : [1.00000,1.00000,1.00000],
  "d" : 1.00000,
  "Kd" : [0.76407,0.72387,0.58780],
  "illum" : 2,
  "Ks" : [0.16471,0.16471,0.16471],
  "Ns" : 96.07843
}