{
  "alias" : "Mesh268_Mesh268_Color_06",
  "vertices" : [1.462191,2.196238,-0.89374,1.463923,2.198687,-0.89374,1.462191,2.196238,-0.76099,1.463923,2.198687,-0.76099,1.463923,2.198687,-0.89374,1.461474,2.200419,-0.89374,1.463923,2.198687,-0.76099,1.461474,2.200419,-0.76099,1.461474,2.200419,-0.89374,1.459741,2.19797,-0.89374,1.461474,2.200419,-0.76099,1.459741,2.19797,-0.76099,1.459741,2.19797,-0.76099,1.459741,2.19797,-0.89374,1.462191,2.196238,-0.76099,1.462191,2.196238,-0.89374],
  "indices" : [0,1,2,3,2,1,4,5,6,7,6,5,8,9,10,11,10,9,12,13,14,15,14,13],
  "Ni" : 1.00000,
  "Ka" : [1.00000,1.00000,1.00000],
  "d" : 1.00000,
  "Kd" : [0.44549,0.44549,0.44549],
  "illum" : 2,
  "Ks" : [0.16471,0.16471,0.16471],
  "Ns" : 96.07843
}