{
  "alias" : "Cap38_Cap38__9",
  "vertices" : [1.746471,1.919,-0.649962,1.759471,1.919,-0.649962,1.749471,1.927,-0.652962,1.759471,1.919,-0.649962,1.746471,1.919,-0.649962,1.759471,1.915,-0.649962,1.746471,1.915,-0.649962,1.746471,1.915,-0.649962,1.759471,1.915,-0.649962,1.745471,1.915,-0.648962,1.760471,1.915,-0.648962,1.759471,1.915,-0.662962,1.760471,1.915,-0.663962,1.745471,1.915,-0.663962,1.746471,1.915,-0.662962,1.746471,1.915,-0.649962,1.746471,1.919,-0.649962,1.746471,1.915,-0.662962,1.746471,1.919,-0.662962,1.746471,1.919,-0.662962,1.759471,1.919,-0.662962,1.746471,1.915,-0.662962,1.759471,1.919,-0.662962,1.746471,1.919,-0.662962,1.756471,1.927,-0.659962,1.749471,1.927,-0.659962,1.752971,1.93,-0.656462,1.756471,1.927,-0.659962,1.749471,1.927,-0.659962,1.756471,1.927,-0.652962,1.756471,1.927,-0.659962,1.752971,1.93,-0.656462,1.756471,1.927,-0.659962,1.756471,1.927,-0.652962,1.759471,1.919,-0.662962,1.759471,1.919,-0.649962,1.759471,1.919,-0.649962,1.759471,1.915,-0.649962,1.759471,1.919,-0.662962,1.759471,1.915,-0.662962,1.759471,1.915,-0.662962,1.756471,1.927,-0.652962,1.756471,1.927,-0.652962,1.752971,1.93,-0.656462,1.749471,1.927,-0.652962,1.752971,1.93,-0.656462,1.749471,1.927,-0.659962,1.749471,1.927,-0.652962,1.749471,1.927,-0.659962,1.746471,1.919,-0.662962,1.749471,1.927,-0.652962,1.746471,1.919,-0.649962],
  "indices" : [0,1,2,3,4,5,6,5,4,15,16,17,18,17,16,19,20,21,22,23,24,25,24,23,26,27,28,29,30,31,32,33,34,35,34,33,36,37,38,39,38,37,40,21,20,41,2,1,42,43,44,45,46,47,48,49,50,51,50,49],
  "Ni" : 1.00000,
  "Ka" : [1.00000,1.00000,1.00000],
  "d" : 1.00000,
  "Kd" : [0.77490,0.73412,0.59608],
  "illum" : 2,
  "Ks" : [0.16471,0.16471,0.16471],
  "Ns" : 96.07843
}