{
  "alias" : "Mesh657_Mesh657_Color_03",
  "vertices" : [1.315471,2.102,-0.43574,1.357471,2.102,-0.46574,1.273471,2.102,-0.46574,1.273471,2.084,-0.46574,1.273471,2.102,-0.40574,1.273471,2.084,-0.40574,1.357471,2.102,-0.40574,1.357471,2.084,-0.46574,1.357471,2.084,-0.40574],
  "indices" : [1,2,0,8,4,5,3,1,7,6,0,4,6,1,0,4,3,5,0,2,4,1,8,7,8,6,4,3,2,1,4,2,3,1,6,8],
  "Ni" : 1.00000,
  "Ka" : [1.00000,1.00000,1.00000],
  "d" : 1.00000,
  "Kd" : [0.53333,0.53333,0.53333],
  "illum" : 2,
  "Ks" : [0.16471,0.16471,0.16471],
  "Ns" : 96.07843
}