{
  "alias" : "Mesh389_Mesh389_Blinds_R",
  "vertices" : [0.643471,2.249,-0.60574,0.643471,2.252,-0.60574,0.799471,2.249,-0.74974,0.643471,2.249,-0.74974,0.799471,2.252,-0.74974,0.643471,2.252,-0.74974,0.655471,2.252,-0.73774,0.799471,2.252,-0.60574,0.799471,2.249,-0.60574,0.799471,2.234,-0.60574,0.643471,2.111,-0.60574,0.799471,2.111,-0.60574,0.643471,2.108,-0.60574,0.799471,2.108,-0.60574,0.799471,2.084,-0.60574,0.799471,2.084,-0.61174,0.799471,2.108,-0.61174,0.799471,2.108,-0.74374,0.799471,2.084,-0.74374,0.799471,2.108,-0.74974,0.799471,2.084,-0.74974,0.793471,2.084,-0.74974,0.793471,2.108,-0.74974,0.649471,2.084,-0.74974,0.649471,2.108,-0.74974,0.643471,2.084,-0.74974,0.643471,2.084,-0.74374,0.643471,2.108,-0.74974,0.643471,2.084,-0.61174,0.643471,2.108,-0.74374,0.643471,2.084,-0.60574,0.643471,2.108,-0.61174,0.649471,2.084,-0.60574,0.793471,2.108,-0.60574,0.649471,2.108,-0.60574,0.793471,2.084,-0.60574,0.643471,2.111,-0.74974,0.799471,2.111,-0.74974,0.815471,2.252,-0.73774,0.787471,2.252,-0.73774,0.682471,2.252,-0.61774,0.655471,2.252,-0.61774,0.668971,2.24,-0.73774,0.682471,2.24,-0.61774,0.682471,2.252,-0.73774,0.682471,2.24,-0.73774,0.668971,2.24,-0.61774,0.690471,2.252,-0.61774,0.717471,2.252,-0.61774,0.787471,2.252,-0.61774,0.725471,2.252,-0.73774,0.717471,2.24,-0.61774,0.703971,2.24,-0.61774,0.717471,2.24,-0.73774,0.717471,2.252,-0.73774,0.703971,2.24,-0.73774,0.690471,2.252,-0.73774,0.738971,2.24,-0.61774,0.752471,2.24,-0.73774,0.752471,2.24,-0.61774,0.752471,2.252,-0.73774,0.725471,2.252,-0.61774,0.752471,2.252,-0.61774,0.738971,2.24,-0.73774,0.760471,2.252,-0.73774,0.760471,2.252,-0.61774,0.773971,2.24,-0.73774,0.787471,2.24,-0.61774,0.773971,2.24,-0.61774,0.787471,2.24,-0.73774,0.823471,2.252,-0.60574,0.823471,2.24,-0.74974,0.823471,2.252,-0.74974,0.815471,2.238,-0.61774,0.823471,2.24,-0.60574,0.799471,2.234,-0.61774,0.799471,2.234,-0.74974,0.815471,2.238,-0.73774,0.799471,2.249,-0.61774,0.815471,2.252,-0.61774,0.799471,2.252,-0.61774,0.799471,2.249,-0.73774,0.799471,2.252,-0.73774,0.799471,2.234,-0.73774],
  "indices" : [18,16,15,16,18,17,21,24,22,24,21,23,28,29,26,29,28,31,32,33,34,33,32,35],
  "Ni" : 1.00000,
  "Ka" : [1.00000,1.00000,1.00000],
  "d" : 1.00000,
  "Kd" : [0.09412,0.09412,0.09412],
  "illum" : 2,
  "Ks" : [0.16471,0.16471,0.16471],
  "Ns" : 96.07843
}