{
  "alias" : "Mesh645_Mesh645_Color_00",
  "vertices" : [0.105971,0.18,-0.533073,0.068471,0.18,-0.714407,0.068471,0.18,-0.533073,0.105971,0.18,-0.714407],
  "indices" : [0,1,2,1,0,3],
  "Ni" : 1.00000,
  "Ka" : [1.00000,1.00000,1.00000],
  "d" : 1.00000,
  "Kd" : [0.41387,0.41387,0.41387],
  "illum" : 2,
  "Ks" : [0.16471,0.16471,0.16471],
  "Ns" : 96.07843
}