{
  "alias" : "Mesh631_Mesh631_Buff",
  "vertices" : [0.512471,1.929,-1.027905,0.513971,1.862,-1.027905,0.512471,1.862,-1.027905,0.513971,1.928902,-1.027905,0.514341,1.931714,-1.027905,0.51288,1.932106,-1.027905,0.515389,1.934244,-1.027905,0.514079,1.935,-1.027905,0.517056,1.936416,-1.027905,0.515986,1.937485,-1.027905,0.519228,1.938082,-1.027905,0.518471,1.939392,-1.027905,0.521757,1.93913,-1.027905,0.524471,1.939487,-1.027905,0.521365,1.940591,-1.027905,0.527577,1.940591,-1.027905,0.530471,1.939392,-1.027905,0.527185,1.93913,-1.027905,0.529715,1.938082,-1.027905,0.532956,1.937485,-1.027905,0.531887,1.936416,-1.027905,0.534863,1.935,-1.027905,0.533553,1.934244,-1.027905,0.536062,1.932106,-1.027905,0.534601,1.931714,-1.027905,0.536471,1.929,-1.027905,0.534971,1.928902,-1.027905,0.536471,1.893,-1.027905,0.534971,1.893,-1.027905,0.524471,1.941,-1.027905],
  "indices" : [0,1,2,1,0,3,3,0,4,4,0,5,4,5,6,6,5,7,6,7,8,8,7,9,8,9,10,10,9,11,10,11,12,12,11,13,13,11,14,15,13,14,16,13,15,16,17,13,16,18,17,19,18,16,19,20,18,21,20,19,21,22,20,23,22,21,23,24,22,25,24,23,25,26,24,27,26,25,26,27,28,15,14,29],
  "Ni" : 1.00000,
  "Ka" : [1.00000,1.00000,1.00000],
  "d" : 1.00000,
  "Kd" : [0.77490,0.73412,0.59608],
  "illum" : 2,
  "Ks" : [0.16471,0.16471,0.16471],
  "Ns" : 96.07843
}