{
  "alias" : "Mesh673_Mesh673_Foregrou",
  "vertices" : [1.461471,1.596,-1.164963,1.461471,1.596,-1.164518,1.416971,1.596,-1.164518,1.416971,1.596,-1.164518,1.416971,1.596,-1.164963],
  "indices" : [0,1,2,0,3,4],
  "Ni" : 1.00000,
  "Ka" : [1.00000,1.00000,1.00000],
  "d" : 1.00000,
  "Kd" : [0.00000,0.00000,0.00000],
  "illum" : 2,
  "Ks" : [0.16471,0.16471,0.16471],
  "Ns" : 96.07843
}