{
  "alias" : "Mesh390_Mesh390_Color_03",
  "vertices" : [0.847471,2.154,-0.54174,0.847471,2.156,-0.54174,0.847471,2.156,-0.51774,0.811471,2.154,-0.51774,0.811471,2.156,-0.51774,0.811471,2.156,-0.54174,0.811471,2.154,-0.54174,0.847471,2.154,-0.51774,0.811471,2.086,-0.54174,0.829471,2.12,-0.54174,0.847471,2.086,-0.54174,0.847471,2.12,-0.52974,0.829471,2.12,-0.51774,0.847471,2.086,-0.51774,0.811471,2.086,-0.51774,0.811471,2.084,-0.51774,0.847471,2.084,-0.51774,0.847471,2.084,-0.54174,0.811471,2.084,-0.54174,0.811471,2.156,-0.66574,0.847471,2.156,-0.66574,0.811471,2.154,-0.66574,0.811471,2.156,-0.68974,0.847471,2.154,-0.68974,0.811471,2.154,-0.68974,0.847471,2.156,-0.68974,0.847471,2.154,-0.66574,0.829471,2.12,-0.68974,0.811471,2.086,-0.68974,0.847471,2.086,-0.68974,0.847471,2.12,-0.67774,0.829471,2.12,-0.66574,0.847471,2.086,-0.66574,0.811471,2.086,-0.66574,0.847471,2.084,-0.66574,0.847471,2.084,-0.68974,0.811471,2.084,-0.66574,0.811471,2.084,-0.68974],
  "indices" : [18,10,17,3,2,4,29,34,35,13,14,15,9,10,8,13,15,16,7,12,13,20,23,25,10,11,13,3,14,12,3,0,6,28,21,24,14,18,15,3,7,2,10,16,17,11,7,13,6,9,8,1,6,5,8,3,6,2,0,1,24,27,28,23,27,24,23,29,27,0,11,10,0,9,6,21,33,31,24,19,22,0,10,9,1,4,2,7,0,2,27,29,28,25,24,22,21,20,19,26,23,20,32,33,36,25,19,20,23,30,29,30,26,32,26,31,32,37,29,35,32,36,34,21,26,20,33,37,36,21,23,24,29,30,32,6,4,5,18,8,10,29,32,34,13,12,14,3,7,0,28,33,21,14,8,18,3,12,7,10,13,16,1,0,6,8,14,3,24,21,19,1,5,4,7,11,0,25,23,24,26,30,23,32,31,33,25,22,19,37,28,29,21,31,26,33,28,37,21,26,23,6,3,4],
  "Ni" : 1.00000,
  "Ka" : [1.00000,1.00000,1.00000],
  "d" : 1.00000,
  "Kd" : [0.53333,0.53333,0.53333],
  "illum" : 2,
  "Ks" : [0.16471,0.16471,0.16471],
  "Ns" : 96.07843
}