{
  "alias" : "Mesh357_Mesh357__6",
  "vertices" : [1.760471,0.03,-0.93574,1.758471,0.0,-0.93574,1.760471,0.0,-0.93574,1.758471,0.03,-0.93574],
  "indices" : [0,1,2,1,0,3],
  "Ni" : 1.00000,
  "Ka" : [1.00000,1.00000,1.00000],
  "d" : 1.00000,
  "Kd" : [0.43294,0.42667,0.43922],
  "illum" : 2,
  "Ks" : [0.16471,0.16471,0.16471],
  "Ns" : 96.07843
}