{
  "alias" : "Mesh50_Mesh50__1",
  "vertices" : [1.765471,0.996,-0.07174,1.705471,0.846,-0.07174,1.765471,0.846,-0.07174,1.705471,0.996,-0.07174,1.765471,0.846,-0.13174,1.765471,0.996,-0.07174,1.765471,0.846,-0.07174,1.765471,0.996,-0.13174],
  "indices" : [0,1,2,1,0,3,4,5,6,5,4,7],
  "Ni" : 1.00000,
  "Ka" : [1.00000,1.00000,1.00000],
  "d" : 1.00000,
  "Kd" : [0.76407,0.72387,0.58780],
  "illum" : 2,
  "Ks" : [0.16471,0.16471,0.16471],
  "Ns" : 96.07843
}