{
  "alias" : "Cap36_Cap36__9",
  "vertices" : [1.648971,1.927,-0.08774,1.651971,1.919,-0.07774,1.651971,1.919,-0.09074,1.648971,1.927,-0.08074,1.648971,1.927,-0.08774,1.645471,1.93,-0.08424,1.648971,1.927,-0.08074,1.648971,1.927,-0.08774,1.641971,1.927,-0.08774,1.645471,1.93,-0.08424,1.648971,1.927,-0.08774,1.638971,1.919,-0.09074,1.641971,1.927,-0.08774,1.651971,1.919,-0.09074,1.651971,1.919,-0.09074,1.638971,1.915,-0.09074,1.638971,1.919,-0.09074,1.651971,1.915,-0.09074,1.651971,1.919,-0.09074,1.651971,1.915,-0.07774,1.651971,1.915,-0.09074,1.651971,1.919,-0.07774,1.638971,1.919,-0.07774,1.651971,1.915,-0.07774,1.651971,1.919,-0.07774,1.638971,1.915,-0.07774,1.638971,1.919,-0.07774,1.638971,1.915,-0.09074,1.638971,1.915,-0.07774,1.638971,1.919,-0.09074,1.641971,1.927,-0.08074,1.638971,1.919,-0.09074,1.638971,1.919,-0.07774,1.641971,1.927,-0.08774,1.641971,1.927,-0.08774,1.641971,1.927,-0.08074,1.645471,1.93,-0.08424,1.645471,1.93,-0.08424,1.641971,1.927,-0.08074,1.648971,1.927,-0.08074,1.638971,1.919,-0.07774,1.648971,1.927,-0.08074,1.641971,1.927,-0.08074,1.651971,1.919,-0.07774,1.638971,1.915,-0.07774,1.637971,1.915,-0.09174,1.638971,1.915,-0.09074,1.637971,1.915,-0.07674,1.652971,1.915,-0.07674,1.651971,1.915,-0.07774,1.652971,1.915,-0.09174,1.651971,1.915,-0.09074],
  "indices" : [0,1,2,1,0,3,4,5,6,7,8,9,10,11,12,11,10,13,14,15,16,15,14,17,18,19,20,19,18,21,22,23,24,23,22,25,26,27,28,27,26,29,30,31,32,31,30,33,34,35,36,37,38,39,40,41,42,41,40,43],
  "Ni" : 1.00000,
  "Ka" : [1.00000,1.00000,1.00000],
  "d" : 1.00000,
  "Kd" : [0.77490,0.73412,0.59608],
  "illum" : 2,
  "Ks" : [0.16471,0.16471,0.16471],
  "Ns" : 96.07843
}