{
  "alias" : "Cap50_Cap50_Color_00",
  "vertices" : [0.702138,2.211,-0.97974,0.692138,2.203,-0.97674,0.705138,2.203,-0.97674,0.695138,2.211,-0.97974,0.702138,2.211,-0.97974,0.698638,2.214,-0.98324,0.695138,2.211,-0.97974,0.702138,2.211,-0.97974,0.702138,2.211,-0.98674,0.698638,2.214,-0.98324,0.702138,2.211,-0.97974,0.705138,2.203,-0.98974,0.702138,2.211,-0.98674,0.705138,2.203,-0.97674,0.705138,2.203,-0.97674,0.705138,2.199,-0.98974,0.705138,2.203,-0.98974,0.705138,2.199,-0.97674,0.705138,2.203,-0.97674,0.692138,2.199,-0.97674,0.705138,2.199,-0.97674,0.692138,2.203,-0.97674,0.692138,2.203,-0.98974,0.692138,2.199,-0.97674,0.692138,2.203,-0.97674,0.692138,2.199,-0.98974,0.692138,2.203,-0.98974,0.705138,2.199,-0.98974,0.692138,2.199,-0.98974,0.705138,2.203,-0.98974,0.695138,2.211,-0.98674,0.705138,2.203,-0.98974,0.692138,2.203,-0.98974,0.702138,2.211,-0.98674,0.702138,2.211,-0.98674,0.695138,2.211,-0.98674,0.698638,2.214,-0.98324,0.698638,2.214,-0.98324,0.695138,2.211,-0.98674,0.695138,2.211,-0.97974,0.692138,2.203,-0.98974,0.695138,2.211,-0.97974,0.695138,2.211,-0.98674,0.692138,2.203,-0.97674,0.692138,2.199,-0.98974,0.706138,2.199,-0.99074,0.705138,2.199,-0.98974,0.691138,2.199,-0.99074,0.691138,2.199,-0.97574,0.692138,2.199,-0.97674,0.706138,2.199,-0.97574,0.705138,2.199,-0.97674],
  "indices" : [44,45,46,44,47,45,47,44,48,49,48,44,48,49,50,50,49,51,50,51,45,46,45,51],
  "Ni" : 1.00000,
  "Ka" : [1.00000,1.00000,1.00000],
  "d" : 1.00000,
  "Kd" : [0.41387,0.41387,0.41387],
  "illum" : 2,
  "Ks" : [0.16471,0.16471,0.16471],
  "Ns" : 96.07843
}