{
  "alias" : "Cap37_Cap37_Color_00",
  "vertices" : [1.746471,1.919,-0.584518,1.759471,1.919,-0.584518,1.749471,1.927,-0.587518,1.759471,1.919,-0.584518,1.746471,1.919,-0.584518,1.759471,1.915,-0.584518,1.746471,1.915,-0.584518,1.746471,1.915,-0.584518,1.759471,1.915,-0.584518,1.745471,1.915,-0.583518,1.760471,1.915,-0.583518,1.759471,1.915,-0.597518,1.760471,1.915,-0.598518,1.745471,1.915,-0.598518,1.746471,1.915,-0.597518,1.746471,1.915,-0.584518,1.746471,1.919,-0.584518,1.746471,1.915,-0.597518,1.746471,1.919,-0.597518,1.746471,1.919,-0.597518,1.759471,1.919,-0.597518,1.746471,1.915,-0.597518,1.759471,1.919,-0.597518,1.746471,1.919,-0.597518,1.756471,1.927,-0.594518,1.749471,1.927,-0.594518,1.752971,1.93,-0.591018,1.756471,1.927,-0.594518,1.749471,1.927,-0.594518,1.756471,1.927,-0.587518,1.756471,1.927,-0.594518,1.752971,1.93,-0.591018,1.756471,1.927,-0.594518,1.756471,1.927,-0.587518,1.759471,1.919,-0.597518,1.759471,1.919,-0.584518,1.759471,1.919,-0.584518,1.759471,1.915,-0.584518,1.759471,1.919,-0.597518,1.759471,1.915,-0.597518,1.759471,1.915,-0.597518,1.756471,1.927,-0.587518,1.756471,1.927,-0.587518,1.752971,1.93,-0.591018,1.749471,1.927,-0.587518,1.752971,1.93,-0.591018,1.749471,1.927,-0.594518,1.749471,1.927,-0.587518,1.749471,1.927,-0.594518,1.746471,1.919,-0.597518,1.749471,1.927,-0.587518,1.746471,1.919,-0.584518],
  "indices" : [7,8,9,9,8,10,11,10,8,10,11,12,13,12,11,14,13,11,7,13,14,13,7,9],
  "Ni" : 1.00000,
  "Ka" : [1.00000,1.00000,1.00000],
  "d" : 1.00000,
  "Kd" : [0.41387,0.41387,0.41387],
  "illum" : 2,
  "Ks" : [0.16471,0.16471,0.16471],
  "Ns" : 96.07843
}