{
  "alias" : "Cap21_Cap21_Color_00",
  "vertices" : [1.569471,2.211,-0.587518,1.566471,2.203,-0.597518,1.566471,2.203,-0.584518,1.569471,2.211,-0.594518,1.569471,2.211,-0.587518,1.572971,2.214,-0.591018,1.569471,2.211,-0.594518,1.569471,2.211,-0.587518,1.576471,2.211,-0.587518,1.572971,2.214,-0.591018,1.569471,2.211,-0.587518,1.579471,2.203,-0.584518,1.576471,2.211,-0.587518,1.566471,2.203,-0.584518,1.566471,2.203,-0.584518,1.579471,2.199,-0.584518,1.579471,2.203,-0.584518,1.566471,2.199,-0.584518,1.566471,2.203,-0.584518,1.566471,2.199,-0.597518,1.566471,2.199,-0.584518,1.566471,2.203,-0.597518,1.579471,2.203,-0.597518,1.566471,2.199,-0.597518,1.566471,2.203,-0.597518,1.579471,2.199,-0.597518,1.579471,2.203,-0.597518,1.579471,2.199,-0.584518,1.579471,2.199,-0.597518,1.579471,2.203,-0.584518,1.576471,2.211,-0.594518,1.579471,2.203,-0.584518,1.579471,2.203,-0.597518,1.576471,2.211,-0.587518,1.576471,2.211,-0.587518,1.576471,2.211,-0.594518,1.572971,2.214,-0.591018,1.572971,2.214,-0.591018,1.576471,2.211,-0.594518,1.569471,2.211,-0.594518,1.579471,2.203,-0.597518,1.569471,2.211,-0.594518,1.576471,2.211,-0.594518,1.566471,2.203,-0.597518,1.579471,2.199,-0.597518,1.580471,2.199,-0.583518,1.579471,2.199,-0.584518,1.580471,2.199,-0.598518,1.565471,2.199,-0.598518,1.566471,2.199,-0.597518,1.565471,2.199,-0.583518,1.566471,2.199,-0.584518],
  "indices" : [44,45,46,44,47,45,47,44,48,49,48,44,48,49,50,50,49,51,50,51,45,46,45,51],
  "Ni" : 1.00000,
  "Ka" : [1.00000,1.00000,1.00000],
  "d" : 1.00000,
  "Kd" : [0.41387,0.41387,0.41387],
  "illum" : 2,
  "Ks" : [0.16471,0.16471,0.16471],
  "Ns" : 96.07843
}