{
  "alias" : "Cap59_Cap59_Color_00",
  "vertices" : [1.566471,2.203,-0.662962,1.566471,2.203,-0.649962,1.569471,2.211,-0.659962,1.566471,2.203,-0.649962,1.566471,2.203,-0.662962,1.566471,2.199,-0.649962,1.566471,2.199,-0.662962,1.566471,2.199,-0.662962,1.566471,2.199,-0.649962,1.565471,2.199,-0.663962,1.565471,2.199,-0.648962,1.579471,2.199,-0.649962,1.580471,2.199,-0.648962,1.580471,2.199,-0.663962,1.579471,2.199,-0.662962,1.566471,2.199,-0.662962,1.566471,2.203,-0.662962,1.579471,2.199,-0.662962,1.579471,2.203,-0.662962,1.579471,2.203,-0.662962,1.579471,2.203,-0.649962,1.579471,2.199,-0.662962,1.579471,2.203,-0.649962,1.579471,2.203,-0.662962,1.576471,2.211,-0.652962,1.576471,2.211,-0.659962,1.572971,2.214,-0.656462,1.576471,2.211,-0.652962,1.576471,2.211,-0.659962,1.569471,2.211,-0.652962,1.576471,2.211,-0.652962,1.572971,2.214,-0.656462,1.576471,2.211,-0.652962,1.569471,2.211,-0.652962,1.579471,2.203,-0.649962,1.566471,2.203,-0.649962,1.566471,2.203,-0.649962,1.566471,2.199,-0.649962,1.579471,2.203,-0.649962,1.579471,2.199,-0.649962,1.579471,2.199,-0.649962,1.569471,2.211,-0.652962,1.569471,2.211,-0.652962,1.572971,2.214,-0.656462,1.569471,2.211,-0.659962,1.572971,2.214,-0.656462,1.576471,2.211,-0.659962,1.569471,2.211,-0.659962,1.576471,2.211,-0.659962,1.579471,2.203,-0.662962,1.569471,2.211,-0.659962,1.566471,2.203,-0.662962],
  "indices" : [7,8,9,9,8,10,11,10,8,10,11,12,13,12,11,14,13,11,7,13,14,13,7,9],
  "Ni" : 1.00000,
  "Ka" : [1.00000,1.00000,1.00000],
  "d" : 1.00000,
  "Kd" : [0.41387,0.41387,0.41387],
  "illum" : 2,
  "Ks" : [0.16471,0.16471,0.16471],
  "Ns" : 96.07843
}