{
  "alias" : "Door_Fro06_Door_Fro06_Buff",
  "vertices" : [1.753471,1.596,-0.24049,1.753471,1.651,-0.21549,1.753471,1.596,-0.21049,1.753471,1.6255,-0.23599,1.753471,1.6325,-0.23599,1.753471,1.6325,-0.23899,1.753471,1.651,-0.23549,1.753471,1.676,-0.24049,1.753471,1.6255,-0.23899,1.753471,1.630394,-0.237894,1.753471,1.630749,-0.237825,1.753471,1.630917,-0.237504,1.753471,1.630771,-0.237172,1.753471,1.630421,-0.23708,1.753471,1.63013,-0.237296,1.753471,1.630118,-0.237659,1.753471,1.6605,-0.23549,1.753471,1.6605,-0.23549,1.753471,1.6605,-0.22599,1.753471,1.651,-0.23549,1.753471,1.6615,-0.21549,1.753471,1.6605,-0.22599,1.753471,1.6615,-0.23549,1.753471,1.671,-0.23549,1.753471,1.671,-0.23549,1.753471,1.671,-0.22599,1.753471,1.6615,-0.23549,1.753471,1.676,-0.21049,1.753471,1.671,-0.22599,1.753471,1.671,-0.22499,1.753471,1.671,-0.21549,1.753471,1.6605,-0.21549,1.753471,1.651,-0.21549,1.753471,1.651,-0.22499,1.753471,1.6605,-0.21549,1.753471,1.651,-0.22499,1.753471,1.651,-0.22599,1.753471,1.6605,-0.22499,1.753471,1.6605,-0.22499,1.753471,1.651,-0.22599,1.753471,1.6615,-0.21549,1.753471,1.6615,-0.22499,1.753471,1.671,-0.21549,1.753471,1.6615,-0.22499,1.753471,1.6615,-0.22599,1.753471,1.6615,-0.22599,1.753471,1.671,-0.22499],
  "indices" : [0,1,2,0,3,1,4,1,3,5,1,4,1,5,6,6,5,7,5,8,7,3,0,8,0,7,8,16,6,7,16,20,21,20,16,22,22,16,7,23,22,7,23,27,28,27,23,7,28,27,29,29,27,30,30,27,20,20,27,31,31,27,1,27,2,1,35,1,6,36,35,6,35,36,37,21,37,36,21,20,37,37,20,31,43,20,22,44,43,22,43,44,29,28,29,44],
  "Ni" : 1.00000,
  "Ka" : [1.00000,1.00000,1.00000],
  "d" : 1.00000,
  "Kd" : [0.77490,0.73412,0.59608],
  "illum" : 2,
  "Ks" : [0.16471,0.16471,0.16471],
  "Ns" : 96.07843
}