{
  "alias" : "Arch8_Arch8__1",
  "vertices" : [0.261471,2.0895,-0.598518,0.260471,2.188,-0.598518,0.261471,2.199,-0.598518,0.260471,2.182,-0.598518,0.258971,2.0895,-0.598518,0.258971,2.182,-0.598518,0.261471,2.0895,-0.598518,0.261471,2.088,-0.598518,0.258971,2.0895,-0.598518,0.261471,2.088,-0.598518,0.261471,2.0895,-0.598518,0.261471,2.088,-0.583518,0.261471,2.0895,-0.583518,0.261471,2.088,-0.583518,0.261471,2.0895,-0.583518,0.258971,2.088,-0.583518,0.258971,2.0895,-0.583518,0.261471,2.0895,-0.583518,0.261471,2.199,-0.583518,0.258971,2.0895,-0.583518,0.261471,2.199,-0.583518,0.261471,2.0895,-0.583518,0.261471,2.199,-0.598518,0.261471,2.0895,-0.598518,0.260471,2.182,-0.583518,0.258971,2.182,-0.583518,0.260471,2.188,-0.583518,0.246471,2.199,-0.583518,0.254221,2.19,-0.583518,0.247971,2.188,-0.583518,0.247971,2.182,-0.583518,0.247971,2.040483,-0.583518,0.249471,2.040483,-0.583518,0.249471,2.182,-0.583518,0.247971,2.036,-0.583518,0.246471,1.904,-0.583518,0.250471,2.036,-0.583518,0.250471,1.904,-0.583518,0.246471,2.199,-0.583518,0.246471,2.199,-0.598518,0.246471,1.904,-0.583518,0.246471,1.904,-0.598518,0.246471,2.199,-0.598518,0.247971,2.036,-0.598518,0.246471,1.904,-0.598518,0.247971,2.040483,-0.598518,0.247971,2.182,-0.598518,0.247971,2.188,-0.598518,0.254221,2.19,-0.598518,0.249471,2.040483,-0.598518,0.249471,2.182,-0.598518,0.250471,1.904,-0.598518,0.250471,2.036,-0.598518,0.258971,2.084,-0.583518,0.261471,2.084,-0.583518,0.261471,2.084,-0.583518,0.261471,2.084,-0.598518,0.261471,2.084,-0.598518,0.258971,2.088,-0.598518,0.258971,2.084,-0.598518],
  "indices" : [0,1,2,1,0,3,0,4,3,5,3,4,17,18,19,20,21,22,23,22,21,24,19,18,25,19,24,26,24,18,18,27,26,28,26,27,29,28,27,30,29,27,31,30,27,31,32,30,33,30,32,34,31,27,35,34,27,34,35,36,37,36,35,38,39,40,41,40,39,42,43,44,43,42,45,45,42,46,46,42,47,47,42,48,48,42,1,42,2,1,45,46,49,50,49,46,44,43,51,52,51,43],
  "Ni" : 1.00000,
  "Ka" : [1.00000,1.00000,1.00000],
  "d" : 1.00000,
  "Kd" : [0.76407,0.72387,0.58780],
  "illum" : 2,
  "Ks" : [0.16471,0.16471,0.16471],
  "Ns" : 96.07843
}