{
  "alias" : "Arch_1_6_Arch_1_6_Color_03",
  "vertices" : [1.403571,2.088,-0.97824,1.403571,2.084,-0.97574,1.403571,2.088,-0.97574,1.403571,2.084,-0.97824,1.403571,2.084,-0.97574,1.418571,2.088,-0.97574,1.403571,2.088,-0.97574,1.418571,2.084,-0.97574,1.418571,2.084,-0.97824,1.418571,2.088,-0.97574,1.418571,2.084,-0.97574,1.418571,2.088,-0.97824,1.418571,2.0895,-0.97574,1.418571,2.0895,-0.97824,1.418571,2.0895,-0.97824,1.418571,2.143,-0.97574,1.418571,2.0895,-0.97574,1.418571,2.126,-0.97674,1.418571,2.126,-0.97824,1.418571,2.132,-0.97674,1.418571,2.143,-0.99074,1.418571,2.134,-0.98299,1.418571,2.132,-0.98924,1.418571,2.126,-0.98924,1.418571,2.040483,-0.98924,1.418571,2.040483,-0.98774,1.418571,2.126,-0.98774,1.418571,2.036,-0.98924,1.418571,1.8675,-0.99074,1.418571,1.904,-0.98874,1.418571,1.901,-0.98874,1.418571,1.901,-0.98674,1.418571,1.8675,-0.98674,1.418571,1.8675,-0.98674,1.418571,1.866,-0.99074,1.418571,1.8675,-0.99074,1.418571,1.866,-0.98674,1.418571,1.862,-0.99074,1.418571,1.862,-0.98674,1.418571,1.862,-0.99074,1.403571,1.866,-0.99074,1.418571,1.866,-0.99074,1.403571,1.862,-0.99074,1.403571,1.862,-0.98674,1.403571,1.866,-0.99074,1.403571,1.862,-0.99074,1.403571,1.866,-0.98674,1.403571,1.8675,-0.99074,1.403571,1.8675,-0.98674,1.403571,1.8675,-0.98674,1.403571,1.901,-0.98874,1.403571,1.8675,-0.99074,1.403571,1.901,-0.98674,1.403571,2.036,-0.98924,1.403571,1.904,-0.98874,1.403571,2.036,-0.98674,1.403571,1.904,-0.98674,1.403571,2.143,-0.99074,1.403571,2.040483,-0.98924,1.403571,2.126,-0.98924,1.403571,2.132,-0.98924,1.403571,2.134,-0.98299,1.403571,2.132,-0.97674,1.403571,2.143,-0.97574,1.403571,2.0895,-0.97574,1.403571,2.126,-0.97674,1.403571,2.0895,-0.97824,1.403571,2.126,-0.97824,1.403571,2.0895,-0.97824,1.403571,2.0895,-0.97574,1.418571,2.0895,-0.97574,1.403571,2.0895,-0.97574,1.418571,2.143,-0.97574,1.403571,2.0895,-0.97574,1.418571,2.0895,-0.97574,1.403571,2.143,-0.97574,1.403571,2.040483,-0.98774,1.403571,2.126,-0.98774,1.403571,2.143,-0.99074,1.418571,1.8675,-0.99074,1.403571,1.8675,-0.99074,1.418571,2.143,-0.99074,1.403571,1.8675,-0.99074,1.418571,1.8675,-0.99074,1.418571,2.036,-0.98674,1.418571,1.904,-0.98674],
  "indices" : [0,1,2,1,0,3,4,5,6,5,4,7,8,9,10,9,8,11,11,12,9,12,11,13,33,34,35,34,33,36,36,37,34,37,36,38,39,40,41,40,39,42,43,44,45,44,43,46,46,47,44,47,46,48,68,2,69,0,2,68,6,70,71,70,6,5,41,82,83,82,41,40],
  "Ni" : 1.00000,
  "Ka" : [1.00000,1.00000,1.00000],
  "d" : 1.00000,
  "Kd" : [0.53333,0.53333,0.53333],
  "illum" : 2,
  "Ks" : [0.16471,0.16471,0.16471],
  "Ns" : 96.07843
}