{
  "alias" : "Mesh670_Mesh670_Foregrou",
  "vertices" : [0.869951,0.096,-0.11974,0.868991,0.096,-0.11974,0.868991,0.0,-0.11974,0.868991,0.0,-0.11974,0.869951,0.0,-0.11974],
  "indices" : [0,1,2,0,3,4],
  "Ni" : 1.00000,
  "Ka" : [1.00000,1.00000,1.00000],
  "d" : 1.00000,
  "Kd" : [0.00000,0.00000,0.00000],
  "illum" : 2,
  "Ks" : [0.16471,0.16471,0.16471],
  "Ns" : 96.07843
}