{
  "alias" : "Mesh295_Mesh295_Color_06",
  "vertices" : [1.047721,2.252,-0.30174,1.047721,2.250087,-0.30174,1.045303,2.252,-0.30174,0.983764,2.1995,-0.30174,0.981346,2.201413,-0.30174,0.981346,2.197587,-0.30174,1.045303,2.147,-0.30174,1.047721,2.147,-0.30174,1.047721,2.148913,-0.30174,0.917389,2.252,-0.30174,0.978928,2.1995,-0.30174,0.914971,2.250087,-0.30174,0.914971,2.252,-0.30174,0.917389,2.147,-0.30174,0.914971,2.148913,-0.30174,0.914971,2.147,-0.30174],
  "indices" : [0,1,2,3,2,1,4,2,3,4,3,5,5,3,6,6,3,7,8,7,3,9,4,5,10,9,5,11,9,10,12,9,11,5,13,10,14,10,13,15,14,13],
  "Ni" : 1.00000,
  "Ka" : [1.00000,1.00000,1.00000],
  "d" : 1.00000,
  "Kd" : [0.44549,0.44549,0.44549],
  "illum" : 2,
  "Ks" : [0.16471,0.16471,0.16471],
  "Ns" : 96.07843
}