{
  "alias" : "Cap56_Cap56_Color_00",
  "vertices" : [1.566471,2.147,-0.843573,1.566471,2.147,-0.830573,1.569471,2.155,-0.840573,1.566471,2.147,-0.830573,1.566471,2.147,-0.843573,1.566471,2.143,-0.830573,1.566471,2.143,-0.843573,1.566471,2.143,-0.843573,1.566471,2.143,-0.830573,1.565471,2.143,-0.844573,1.565471,2.143,-0.829573,1.579471,2.143,-0.830573,1.580471,2.143,-0.829573,1.580471,2.143,-0.844573,1.579471,2.143,-0.843573,1.566471,2.143,-0.843573,1.566471,2.147,-0.843573,1.579471,2.143,-0.843573,1.579471,2.147,-0.843573,1.579471,2.147,-0.843573,1.579471,2.147,-0.830573,1.579471,2.143,-0.843573,1.579471,2.147,-0.830573,1.579471,2.147,-0.843573,1.576471,2.155,-0.833573,1.576471,2.155,-0.840573,1.572971,2.158,-0.837073,1.576471,2.155,-0.833573,1.576471,2.155,-0.840573,1.569471,2.155,-0.833573,1.576471,2.155,-0.833573,1.572971,2.158,-0.837073,1.576471,2.155,-0.833573,1.569471,2.155,-0.833573,1.579471,2.147,-0.830573,1.566471,2.147,-0.830573,1.566471,2.147,-0.830573,1.566471,2.143,-0.830573,1.579471,2.147,-0.830573,1.579471,2.143,-0.830573,1.579471,2.143,-0.830573,1.569471,2.155,-0.833573,1.569471,2.155,-0.833573,1.572971,2.158,-0.837073,1.569471,2.155,-0.840573,1.572971,2.158,-0.837073,1.576471,2.155,-0.840573,1.569471,2.155,-0.840573,1.576471,2.155,-0.840573,1.579471,2.147,-0.843573,1.569471,2.155,-0.840573,1.566471,2.147,-0.843573],
  "indices" : [7,8,9,9,8,10,11,10,8,10,11,12,13,12,11,14,13,11,7,13,14,13,7,9],
  "Ni" : 1.00000,
  "Ka" : [1.00000,1.00000,1.00000],
  "d" : 1.00000,
  "Kd" : [0.41387,0.41387,0.41387],
  "illum" : 2,
  "Ks" : [0.16471,0.16471,0.16471],
  "Ns" : 96.07843
}