{
  "alias" : "Mesh701_Mesh701_Foregrou",
  "vertices" : [1.772461,0.384005,-0.88849,1.772481,0.383995,-0.88849,1.773481,0.385995,-0.88849,1.773481,0.385995,-0.88849,1.773461,0.386005,-0.88849,1.766471,0.384,-0.88846,1.766471,0.384,-0.88852,1.772471,0.384,-0.88852,1.772471,0.384,-0.88852,1.772471,0.384,-0.88846,1.766431,0.376,-0.88849,1.766511,0.376,-0.88849,1.766511,0.384,-0.88849,1.766511,0.384,-0.88849,1.766431,0.384,-0.88849,1.765471,0.376,-0.888485,1.765471,0.376,-0.888495,1.766471,0.376,-0.888495,1.766471,0.376,-0.888495,1.766471,0.376,-0.888485,1.773466,0.386,-0.88849,1.773476,0.386,-0.88849,1.773476,0.387,-0.88849,1.773476,0.387,-0.88849,1.773466,0.387,-0.88849,1.773467,0.387,-0.88924,1.773475,0.387,-0.88924,1.773475,0.387,-0.88849,1.773475,0.387,-0.88849,1.773467,0.387,-0.88849,1.773441,0.387,-0.88924,1.773501,0.387,-0.88924,1.773501,0.393,-0.88924,1.773501,0.393,-0.88924,1.773441,0.393,-0.88924,1.773486,0.393,-0.88624,1.773456,0.393,-0.88624,1.773456,0.393,-0.88924,1.773456,0.393,-0.88924,1.773486,0.393,-0.88924,1.773441,0.387,-0.88624,1.773501,0.387,-0.88624,1.773501,0.393,-0.88624,1.773501,0.393,-0.88624,1.773441,0.393,-0.88624,1.77346,0.387,-0.88849,1.773482,0.387,-0.88849,1.773482,0.387,-0.88624,1.773482,0.387,-0.88624,1.77346,0.387,-0.88624],
  "indices" : [0,1,2,0,3,4,5,6,7,8,9,5,10,11,12,13,14,10,15,16,17,18,19,15,20,21,22,23,24,20,25,26,27,28,29,25,30,31,32,33,34,30,35,36,37,38,39,35,40,41,42,43,44,40,45,46,47,48,49,45],
  "Ni" : 1.00000,
  "Ka" : [1.00000,1.00000,1.00000],
  "d" : 1.00000,
  "Kd" : [0.00000,0.00000,0.00000],
  "illum" : 2,
  "Ks" : [0.16471,0.16471,0.16471],
  "Ns" : 96.07843
}