{
  "alias" : "DoorKnob8_DoorKnob8__7",
  "vertices" : [0.156721,0.035246,-0.279743,0.156721,0.033356,-0.279244,0.156721,0.034181,-0.279949,0.156721,0.034394,-0.279144,0.156721,0.034749,-0.279075,0.156721,0.035749,-0.278782,0.155521,0.035246,-0.279743,0.156721,0.035749,-0.278782,0.156721,0.035246,-0.279743,0.155521,0.035749,-0.278782,0.155521,0.035246,-0.279743,0.155521,0.033356,-0.279244,0.155521,0.035749,-0.278782,0.155521,0.034181,-0.279949,0.155521,0.035246,-0.279743,0.156721,0.034181,-0.279949,0.155521,0.034181,-0.279949,0.156721,0.035246,-0.279743,0.156721,0.033356,-0.279244,0.155521,0.034181,-0.279949,0.156721,0.034181,-0.279949,0.155521,0.033356,-0.279244,0.156721,0.033356,-0.279244,0.155521,0.033393,-0.27816,0.155521,0.033356,-0.279244,0.156721,0.033393,-0.27816,0.156721,0.034118,-0.278909,0.156721,0.033393,-0.27816,0.156721,0.034394,-0.279144,0.157221,0.034118,-0.278909,0.156721,0.034118,-0.278909,0.157221,0.034394,-0.279144,0.156721,0.034749,-0.279075,0.157221,0.034394,-0.279144,0.156721,0.034394,-0.279144,0.157221,0.034749,-0.279075,0.156721,0.034749,-0.279075,0.157221,0.034917,-0.278754,0.157221,0.034749,-0.279075,0.156721,0.034917,-0.278754,0.156721,0.034917,-0.278754,0.156721,0.035312,-0.277789,0.155521,0.035749,-0.278782,0.156721,0.035312,-0.277789,0.156721,0.035749,-0.278782,0.155521,0.035312,-0.277789,0.155521,0.033393,-0.27816,0.155521,0.035312,-0.277789,0.155521,0.034263,-0.277513,0.155521,0.033393,-0.27816,0.156721,0.034263,-0.277513,0.155521,0.034263,-0.277513,0.156721,0.033393,-0.27816,0.156721,0.034263,-0.277513,0.156721,0.034421,-0.27833,0.156721,0.034771,-0.278422,0.157221,0.034771,-0.278422,0.156721,0.034917,-0.278754,0.156721,0.034771,-0.278422,0.157221,0.034917,-0.278754,0.156721,0.034421,-0.27833,0.157221,0.034771,-0.278422,0.156721,0.034771,-0.278422,0.157221,0.034421,-0.27833,0.156721,0.03413,-0.278546,0.157221,0.034421,-0.27833,0.156721,0.034421,-0.27833,0.157221,0.03413,-0.278546,0.156721,0.03413,-0.278546,0.157221,0.034118,-0.278909,0.157221,0.03413,-0.278546,0.156721,0.034118,-0.278909,0.156721,0.03413,-0.278546,0.156721,0.035312,-0.277789,0.155521,0.034263,-0.277513,0.156721,0.034263,-0.277513,0.155521,0.035312,-0.277789],
  "indices" : [0,1,2,1,0,3,3,0,4,4,0,5,6,7,8,7,6,9,10,11,12,11,10,13,14,15,16,15,14,17,18,19,20,19,18,21,22,23,24,23,22,25,1,26,27,26,1,3,28,29,30,29,28,31,32,33,34,33,32,35,36,37,38,37,36,39,4,5,40,40,5,41,42,43,44,43,42,45,12,46,47,12,11,46,47,46,48,49,50,51,50,49,52,27,41,53,54,41,27,55,41,54,40,41,55,56,57,58,57,56,59,60,61,62,61,60,63,64,65,66,65,64,67,68,69,70,69,68,71,27,26,72,27,72,54,73,74,75,74,73,76],
  "Ni" : 1.00000,
  "Ka" : [1.00000,1.00000,1.00000],
  "d" : 1.00000,
  "Kd" : [0.43922,0.40784,0.20078],
  "illum" : 2,
  "Ks" : [0.16471,0.16471,0.16471],
  "Ns" : 96.07843
}