{
  "alias" : "DoorKnob15_DoorKnob15_Color_02",
  "vertices" : [1.753971,1.631246,-1.008987,1.753971,1.629356,-1.009486,1.753971,1.630181,-1.008781,1.753971,1.630394,-1.009586,1.753971,1.630749,-1.009655,1.753971,1.631749,-1.009948,1.755171,1.631246,-1.008987,1.753971,1.631749,-1.009948,1.753971,1.631246,-1.008987,1.755171,1.631749,-1.009948,1.755171,1.631246,-1.008987,1.755171,1.629356,-1.009486,1.755171,1.631749,-1.009948,1.755171,1.630181,-1.008781,1.755171,1.631246,-1.008987,1.753971,1.630181,-1.008781,1.755171,1.630181,-1.008781,1.753971,1.631246,-1.008987,1.753971,1.629356,-1.009486,1.755171,1.630181,-1.008781,1.753971,1.630181,-1.008781,1.755171,1.629356,-1.009486,1.753971,1.629356,-1.009486,1.755171,1.629393,-1.01057,1.755171,1.629356,-1.009486,1.753971,1.629393,-1.01057,1.753971,1.630118,-1.009822,1.753971,1.629393,-1.01057,1.753971,1.630394,-1.009586,1.753471,1.630118,-1.009822,1.753971,1.630118,-1.009822,1.753471,1.630394,-1.009586,1.753971,1.630749,-1.009655,1.753471,1.630394,-1.009586,1.753971,1.630394,-1.009586,1.753471,1.630749,-1.009655,1.753971,1.630749,-1.009655,1.753471,1.630917,-1.009976,1.753471,1.630749,-1.009655,1.753971,1.630917,-1.009976,1.753971,1.630917,-1.009976,1.753971,1.631312,-1.010941,1.755171,1.631749,-1.009948,1.753971,1.631312,-1.010941,1.753971,1.631749,-1.009948,1.755171,1.631312,-1.010941,1.755171,1.629393,-1.01057,1.755171,1.631312,-1.010941,1.755171,1.630263,-1.011217,1.755171,1.629393,-1.01057,1.753971,1.630263,-1.011217,1.755171,1.630263,-1.011217,1.753971,1.629393,-1.01057,1.753971,1.630263,-1.011217,1.753971,1.630421,-1.0104,1.753971,1.630771,-1.010308,1.753471,1.630771,-1.010308,1.753971,1.630917,-1.009976,1.753971,1.630771,-1.010308,1.753471,1.630917,-1.009976,1.753971,1.630421,-1.0104,1.753471,1.630771,-1.010308,1.753971,1.630771,-1.010308,1.753471,1.630421,-1.0104,1.753971,1.63013,-1.010184,1.753471,1.630421,-1.0104,1.753971,1.630421,-1.0104,1.753471,1.63013,-1.010184,1.753971,1.63013,-1.010184,1.753471,1.630118,-1.009822,1.753471,1.63013,-1.010184,1.753971,1.630118,-1.009822,1.753971,1.63013,-1.010184,1.753971,1.631312,-1.010941,1.755171,1.630263,-1.011217,1.753971,1.630263,-1.011217,1.755171,1.631312,-1.010941],
  "indices" : [0,1,2,1,0,3,3,0,4,4,0,5,6,7,8,7,6,9,10,11,12,11,10,13,14,15,16,15,14,17,18,19,20,19,18,21,22,23,24,23,22,25,1,26,27,26,1,3,28,29,30,29,28,31,32,33,34,33,32,35,36,37,38,37,36,39,4,5,40,40,5,41,42,43,44,43,42,45,12,46,47,12,11,46,47,46,48,49,50,51,50,49,52,27,41,53,54,41,27,55,41,54,40,41,55,56,57,58,57,56,59,60,61,62,61,60,63,64,65,66,65,64,67,68,69,70,69,68,71,27,26,72,27,72,54,73,74,75,74,73,76],
  "Ni" : 1.00000,
  "Ka" : [1.00000,1.00000,1.00000],
  "d" : 1.00000,
  "Kd" : [0.09412,0.09412,0.09412],
  "illum" : 2,
  "Ks" : [0.16471,0.16471,0.16471],
  "Ns" : 96.07843
}