{
  "alias" : "Cap_II3_Cap_II3_Color_03",
  "vertices" : [0.514271,1.915,-0.07174,0.516271,1.915,-0.07374,0.514271,1.915,-0.11174,0.554271,1.915,-0.07174,0.514271,1.904,-0.07174,0.554271,1.915,-0.07174,0.514271,1.915,-0.07174,0.554271,1.904,-0.07174,0.514271,1.746,-0.07174,0.554271,1.746,-0.07174,0.554271,1.904,-0.07824,0.554271,1.915,-0.11174,0.554271,1.906,-0.08449,0.554271,1.904,-0.09074,0.554271,1.8675,-0.11174,0.554271,1.898,-0.09074,0.554271,1.898,-0.08924,0.554271,1.8675,-0.08924,0.554271,1.8675,-0.08924,0.554271,1.866,-0.11174,0.554271,1.8675,-0.11174,0.554271,1.866,-0.08924,0.554271,1.862,-0.11174,0.554271,1.862,-0.08924,0.554271,1.862,-0.11174,0.514271,1.866,-0.11174,0.554271,1.866,-0.11174,0.514271,1.862,-0.11174,0.514271,1.862,-0.08924,0.514271,1.866,-0.11174,0.514271,1.862,-0.11174,0.514271,1.866,-0.08924,0.514271,1.8675,-0.11174,0.514271,1.8675,-0.08924,0.514271,1.8675,-0.08924,0.514271,1.898,-0.09074,0.514271,1.8675,-0.11174,0.514271,1.898,-0.08924,0.514271,1.915,-0.11174,0.514271,1.904,-0.09074,0.514271,1.906,-0.08449,0.514271,1.904,-0.07824,0.554271,1.8675,-0.11174,0.554271,1.915,-0.11174,0.516271,1.915,-0.10974,0.554271,1.915,-0.11174,0.516271,1.915,-0.07374,0.516271,1.931,-0.10974,0.516271,1.915,-0.10974,0.516271,1.931,-0.07374,0.516271,1.915,-0.07374,0.552271,1.931,-0.07374,0.516271,1.931,-0.07374,0.552271,1.915,-0.07374,0.552271,1.915,-0.07374,0.552271,1.915,-0.10974,0.516271,1.931,-0.10974,0.552271,1.915,-0.10974,0.516271,1.915,-0.10974,0.552271,1.931,-0.10974,0.524271,1.951,-0.10174,0.552271,1.931,-0.10974,0.516271,1.931,-0.10974,0.544271,1.951,-0.10174,0.544271,1.951,-0.10174,0.524271,1.951,-0.10174,0.534271,1.957,-0.09174,0.534271,1.957,-0.09174,0.524271,1.951,-0.10174,0.524271,1.951,-0.08174,0.516271,1.931,-0.10974,0.524271,1.951,-0.08174,0.524271,1.951,-0.10174,0.516271,1.931,-0.07374,0.516271,1.931,-0.07374,0.544271,1.951,-0.08174,0.524271,1.951,-0.08174,0.552271,1.931,-0.07374,0.552271,1.931,-0.10974,0.544271,1.951,-0.08174,0.552271,1.931,-0.07374,0.544271,1.951,-0.10174,0.544271,1.951,-0.10174,0.534271,1.957,-0.09174,0.544271,1.951,-0.08174,0.544271,1.951,-0.08174,0.534271,1.957,-0.09174,0.524271,1.951,-0.08174,0.552271,1.931,-0.07374,0.552271,1.915,-0.10974,0.552271,1.931,-0.10974,0.552271,1.915,-0.07374,0.514271,1.8675,-0.11174,0.554271,1.8675,-0.11174],
  "indices" : [18,19,20,19,18,21,21,22,19,22,21,23,24,25,26,25,24,27,28,29,30,29,28,31,31,32,29,32,31,33,26,92,93,92,26,25],
  "Ni" : 1.00000,
  "Ka" : [1.00000,1.00000,1.00000],
  "d" : 1.00000,
  "Kd" : [0.53333,0.53333,0.53333],
  "illum" : 2,
  "Ks" : [0.16471,0.16471,0.16471],
  "Ns" : 96.07843
}