{
  "alias" : "Mesh136_Mesh136_Foregrou",
  "vertices" : [0.458657,0.335002,-0.07674,0.458697,0.335002,-0.07674,0.458697,0.335002,-0.07274,0.458697,0.335002,-0.07274,0.458657,0.335002,-0.07274],
  "indices" : [0,1,2,0,3,4],
  "Ni" : 1.00000,
  "Ka" : [1.00000,1.00000,1.00000],
  "d" : 1.00000,
  "Kd" : [0.00000,0.00000,0.00000],
  "illum" : 2,
  "Ks" : [0.16471,0.16471,0.16471],
  "Ns" : 96.07843
}