{
  "alias" : "Arch16_Arch16_Color_03",
  "vertices" : [0.261471,2.199,-0.648962,0.260471,2.188,-0.648962,0.261471,2.0895,-0.648962,0.246471,2.199,-0.648962,0.254221,2.19,-0.648962,0.247971,2.188,-0.648962,0.247971,2.182,-0.648962,0.247971,2.040483,-0.648962,0.247971,2.036,-0.648962,0.246471,1.904,-0.648962,0.250471,1.904,-0.648962,0.250471,2.036,-0.648962,0.246471,2.199,-0.648962,0.246471,1.904,-0.663962,0.246471,1.904,-0.648962,0.246471,2.199,-0.663962,0.246471,2.199,-0.663962,0.247971,2.036,-0.663962,0.246471,1.904,-0.663962,0.247971,2.040483,-0.663962,0.247971,2.182,-0.663962,0.247971,2.188,-0.663962,0.254221,2.19,-0.663962,0.260471,2.188,-0.663962,0.261471,2.199,-0.663962,0.260471,2.182,-0.663962,0.258971,2.0895,-0.663962,0.261471,2.0895,-0.663962,0.261471,2.199,-0.648962,0.261471,2.0895,-0.663962,0.261471,2.199,-0.663962,0.261471,2.0895,-0.648962,0.261471,2.0895,-0.648962,0.261471,2.088,-0.663962,0.261471,2.0895,-0.663962,0.261471,2.088,-0.648962,0.258971,2.0895,-0.648962,0.261471,2.088,-0.648962,0.261471,2.0895,-0.648962,0.258971,2.088,-0.648962,0.261471,2.084,-0.648962,0.258971,2.084,-0.648962,0.261471,2.084,-0.663962,0.261471,2.084,-0.648962,0.258971,2.084,-0.663962,0.261471,2.088,-0.663962,0.261471,2.084,-0.663962,0.258971,2.088,-0.663962,0.261471,2.0895,-0.663962,0.258971,2.0895,-0.663962,0.260471,2.182,-0.648962,0.258971,2.0895,-0.648962,0.258971,2.182,-0.648962,0.258971,2.182,-0.663962,0.249471,2.040483,-0.663962,0.249471,2.182,-0.663962,0.250471,2.036,-0.663962,0.250471,1.904,-0.663962,0.249471,2.040483,-0.648962,0.249471,2.182,-0.648962],
  "indices" : [32,33,34,33,32,35,36,37,38,37,36,39,39,40,37,40,39,41,42,35,43,35,42,33,44,45,46,45,44,47,47,48,45,48,47,49],
  "Ni" : 1.00000,
  "Ka" : [1.00000,1.00000,1.00000],
  "d" : 1.00000,
  "Kd" : [0.53333,0.53333,0.53333],
  "illum" : 2,
  "Ks" : [0.16471,0.16471,0.16471],
  "Ns" : 96.07843
}