{
  "alias" : "Cap13_Cap13_Color_00",
  "vertices" : [1.417571,2.147,-0.27074,1.404571,2.147,-0.27074,1.414571,2.155,-0.26774,1.404571,2.147,-0.27074,1.417571,2.147,-0.27074,1.404571,2.143,-0.27074,1.417571,2.143,-0.27074,1.417571,2.143,-0.27074,1.404571,2.143,-0.27074,1.418571,2.143,-0.27174,1.403571,2.143,-0.27174,1.404571,2.143,-0.25774,1.403571,2.143,-0.25674,1.418571,2.143,-0.25674,1.417571,2.143,-0.25774,1.417571,2.143,-0.27074,1.417571,2.147,-0.27074,1.417571,2.143,-0.25774,1.417571,2.147,-0.25774,1.417571,2.147,-0.25774,1.404571,2.147,-0.25774,1.417571,2.143,-0.25774,1.404571,2.147,-0.25774,1.417571,2.147,-0.25774,1.407571,2.155,-0.26074,1.414571,2.155,-0.26074,1.411071,2.158,-0.26424,1.407571,2.155,-0.26074,1.414571,2.155,-0.26074,1.407571,2.155,-0.26774,1.407571,2.155,-0.26074,1.411071,2.158,-0.26424,1.407571,2.155,-0.26074,1.407571,2.155,-0.26774,1.404571,2.147,-0.25774,1.404571,2.147,-0.27074,1.404571,2.147,-0.27074,1.404571,2.143,-0.27074,1.404571,2.147,-0.25774,1.404571,2.143,-0.25774,1.404571,2.143,-0.25774,1.407571,2.155,-0.26774,1.407571,2.155,-0.26774,1.411071,2.158,-0.26424,1.414571,2.155,-0.26774,1.411071,2.158,-0.26424,1.414571,2.155,-0.26074,1.414571,2.155,-0.26774,1.414571,2.155,-0.26074,1.417571,2.147,-0.25774,1.414571,2.155,-0.26774,1.417571,2.147,-0.27074],
  "indices" : [7,8,9,9,8,10,11,10,8,10,11,12,13,12,11,14,13,11,7,13,14,13,7,9],
  "Ni" : 1.00000,
  "Ka" : [1.00000,1.00000,1.00000],
  "d" : 1.00000,
  "Kd" : [0.41387,0.41387,0.41387],
  "illum" : 2,
  "Ks" : [0.16471,0.16471,0.16471],
  "Ns" : 96.07843
}