{
  "alias" : "Cap51_Cap51_Color_00",
  "vertices" : [1.414571,2.155,-0.97974,1.404571,2.147,-0.97674,1.417571,2.147,-0.97674,1.407571,2.155,-0.97974,1.414571,2.155,-0.97974,1.411071,2.158,-0.98324,1.407571,2.155,-0.97974,1.414571,2.155,-0.97974,1.414571,2.155,-0.98674,1.411071,2.158,-0.98324,1.414571,2.155,-0.97974,1.417571,2.147,-0.98974,1.414571,2.155,-0.98674,1.417571,2.147,-0.97674,1.417571,2.147,-0.97674,1.417571,2.143,-0.98974,1.417571,2.147,-0.98974,1.417571,2.143,-0.97674,1.417571,2.147,-0.97674,1.404571,2.143,-0.97674,1.417571,2.143,-0.97674,1.404571,2.147,-0.97674,1.404571,2.147,-0.98974,1.404571,2.143,-0.97674,1.404571,2.147,-0.97674,1.404571,2.143,-0.98974,1.404571,2.147,-0.98974,1.417571,2.143,-0.98974,1.404571,2.143,-0.98974,1.417571,2.147,-0.98974,1.407571,2.155,-0.98674,1.417571,2.147,-0.98974,1.404571,2.147,-0.98974,1.414571,2.155,-0.98674,1.414571,2.155,-0.98674,1.407571,2.155,-0.98674,1.411071,2.158,-0.98324,1.411071,2.158,-0.98324,1.407571,2.155,-0.98674,1.407571,2.155,-0.97974,1.404571,2.147,-0.98974,1.407571,2.155,-0.97974,1.407571,2.155,-0.98674,1.404571,2.147,-0.97674,1.404571,2.143,-0.98974,1.418571,2.143,-0.99074,1.417571,2.143,-0.98974,1.403571,2.143,-0.99074,1.403571,2.143,-0.97574,1.404571,2.143,-0.97674,1.418571,2.143,-0.97574,1.417571,2.143,-0.97674],
  "indices" : [44,45,46,44,47,45,47,44,48,49,48,44,48,49,50,50,49,51,50,51,45,46,45,51],
  "Ni" : 1.00000,
  "Ka" : [1.00000,1.00000,1.00000],
  "d" : 1.00000,
  "Kd" : [0.41387,0.41387,0.41387],
  "illum" : 2,
  "Ks" : [0.16471,0.16471,0.16471],
  "Ns" : 96.07843
}