{
  "alias" : "Mesh328_Mesh328_Color_06",
  "vertices" : [0.643471,2.303,-0.94424,0.643471,2.3,-0.94424,0.776221,2.303,-0.94424,0.776221,2.3,-0.94424,0.776221,2.3,-0.94424,0.643471,2.3,-0.94424,0.776221,2.3,-0.94724,0.643471,2.3,-0.94724,0.776221,2.3,-0.94724,0.643471,2.3,-0.94724,0.776221,2.303,-0.94724,0.643471,2.303,-0.94724,0.643471,2.303,-0.94724,0.643471,2.303,-0.94424,0.776221,2.303,-0.94724,0.776221,2.303,-0.94424],
  "indices" : [0,1,2,3,2,1,4,5,6,7,6,5,8,9,10,11,10,9,12,13,14,15,14,13],
  "Ni" : 1.00000,
  "Ka" : [1.00000,1.00000,1.00000],
  "d" : 1.00000,
  "Kd" : [0.44549,0.44549,0.44549],
  "illum" : 2,
  "Ks" : [0.16471,0.16471,0.16471],
  "Ns" : 96.07843
}