{
  "alias" : "Mesh373_Mesh373__5",
  "vertices" : [0.061471,0.546,-0.99574,0.061471,0.696,-0.93574,0.061471,0.546,-0.93574,0.061471,0.546,-0.31174,0.061471,0.696,-0.25174,0.061471,0.696,-0.31174,0.061471,1.296,-0.99574,0.061471,1.446,-0.93574,0.061471,1.296,-0.25174,0.061471,1.296,-0.93574,0.061471,1.146,-0.25174,0.061471,1.296,-0.31174,0.061471,0.846,-0.93574,0.061471,0.996,-0.99574,0.061471,0.846,-0.25174,0.061471,0.996,-0.31174,0.061471,1.446,-0.99574,0.061471,1.446,-0.31174,0.061471,1.596,-0.25174,0.061471,1.446,-0.25174,0.061471,1.596,-0.99574,0.061471,1.746,-0.93574,0.061471,1.596,-0.93574,0.061471,1.746,-0.99574,0.061471,1.596,-0.31174,0.061471,1.746,-0.25174,0.061471,1.746,-0.31174,0.061471,0.396,-0.99574,0.061471,0.396,-0.93574,0.061471,0.396,-0.31174,0.061471,0.546,-0.25174,0.061471,0.396,-0.25174,0.061471,1.146,-0.93574,0.061471,0.996,-0.93574,0.061471,1.146,-0.99574,0.061471,0.996,-0.25174,0.061471,1.146,-0.31174,0.061471,0.696,-0.99574,0.061471,0.846,-0.99574,0.061471,0.846,-0.31174],
  "indices" : [37,2,1,39,4,14,38,1,12,36,35,10,34,33,32,3,31,30,0,28,2,23,22,21,26,18,25,24,19,18,20,7,22,15,14,35,13,12,33,11,10,8,6,32,9,17,8,19,5,30,4,16,9,7,37,0,2,39,5,4,38,37,1,36,15,35,34,13,33,3,29,31,0,27,28,23,20,22,26,24,18,24,17,19,20,16,7,15,39,14,13,38,12,11,36,10,6,34,32,17,11,8,5,3,30,16,6,9],
  "Ni" : 1.00000,
  "Ka" : [1.00000,1.00000,1.00000],
  "d" : 1.00000,
  "Kd" : [0.71767,0.70404,0.57115],
  "illum" : 2,
  "Ks" : [0.16471,0.16471,0.16471],
  "Ns" : 96.07843
}