{
  "alias" : "Cap28_Cap28_Color_00",
  "vertices" : [0.954938,1.927,-0.08774,0.957938,1.919,-0.07774,0.957938,1.919,-0.09074,0.954938,1.927,-0.08074,0.954938,1.927,-0.08774,0.951438,1.93,-0.08424,0.954938,1.927,-0.08074,0.954938,1.927,-0.08774,0.947938,1.927,-0.08774,0.951438,1.93,-0.08424,0.954938,1.927,-0.08774,0.944938,1.919,-0.09074,0.947938,1.927,-0.08774,0.957938,1.919,-0.09074,0.957938,1.919,-0.09074,0.944938,1.915,-0.09074,0.944938,1.919,-0.09074,0.957938,1.915,-0.09074,0.957938,1.919,-0.09074,0.957938,1.915,-0.07774,0.957938,1.915,-0.09074,0.957938,1.919,-0.07774,0.944938,1.919,-0.07774,0.957938,1.915,-0.07774,0.957938,1.919,-0.07774,0.944938,1.915,-0.07774,0.944938,1.919,-0.07774,0.944938,1.915,-0.09074,0.944938,1.915,-0.07774,0.944938,1.919,-0.09074,0.947938,1.927,-0.08074,0.944938,1.919,-0.09074,0.944938,1.919,-0.07774,0.947938,1.927,-0.08774,0.947938,1.927,-0.08774,0.947938,1.927,-0.08074,0.951438,1.93,-0.08424,0.951438,1.93,-0.08424,0.947938,1.927,-0.08074,0.954938,1.927,-0.08074,0.944938,1.919,-0.07774,0.954938,1.927,-0.08074,0.947938,1.927,-0.08074,0.957938,1.919,-0.07774,0.944938,1.915,-0.07774,0.943938,1.915,-0.09174,0.944938,1.915,-0.09074,0.943938,1.915,-0.07674,0.958938,1.915,-0.07674,0.957938,1.915,-0.07774,0.958938,1.915,-0.09174,0.957938,1.915,-0.09074],
  "indices" : [44,45,46,44,47,45,47,44,48,49,48,44,48,49,50,50,49,51,50,51,45,46,45,51],
  "Ni" : 1.00000,
  "Ka" : [1.00000,1.00000,1.00000],
  "d" : 1.00000,
  "Kd" : [0.41387,0.41387,0.41387],
  "illum" : 2,
  "Ks" : [0.16471,0.16471,0.16471],
  "Ns" : 96.07843
}