{
  "alias" : "Arch8_Arch8_Color_03",
  "vertices" : [0.261471,2.0895,-0.598518,0.260471,2.188,-0.598518,0.261471,2.199,-0.598518,0.260471,2.182,-0.598518,0.258971,2.0895,-0.598518,0.258971,2.182,-0.598518,0.261471,2.0895,-0.598518,0.261471,2.088,-0.598518,0.258971,2.0895,-0.598518,0.261471,2.088,-0.598518,0.261471,2.0895,-0.598518,0.261471,2.088,-0.583518,0.261471,2.0895,-0.583518,0.261471,2.088,-0.583518,0.261471,2.0895,-0.583518,0.258971,2.088,-0.583518,0.258971,2.0895,-0.583518,0.261471,2.0895,-0.583518,0.261471,2.199,-0.583518,0.258971,2.0895,-0.583518,0.261471,2.199,-0.583518,0.261471,2.0895,-0.583518,0.261471,2.199,-0.598518,0.261471,2.0895,-0.598518,0.260471,2.182,-0.583518,0.258971,2.182,-0.583518,0.260471,2.188,-0.583518,0.246471,2.199,-0.583518,0.254221,2.19,-0.583518,0.247971,2.188,-0.583518,0.247971,2.182,-0.583518,0.247971,2.040483,-0.583518,0.249471,2.040483,-0.583518,0.249471,2.182,-0.583518,0.247971,2.036,-0.583518,0.246471,1.904,-0.583518,0.250471,2.036,-0.583518,0.250471,1.904,-0.583518,0.246471,2.199,-0.583518,0.246471,2.199,-0.598518,0.246471,1.904,-0.583518,0.246471,1.904,-0.598518,0.246471,2.199,-0.598518,0.247971,2.036,-0.598518,0.246471,1.904,-0.598518,0.247971,2.040483,-0.598518,0.247971,2.182,-0.598518,0.247971,2.188,-0.598518,0.254221,2.19,-0.598518,0.249471,2.040483,-0.598518,0.249471,2.182,-0.598518,0.250471,1.904,-0.598518,0.250471,2.036,-0.598518,0.258971,2.084,-0.583518,0.261471,2.084,-0.583518,0.261471,2.084,-0.583518,0.261471,2.084,-0.598518,0.261471,2.084,-0.598518,0.258971,2.088,-0.598518,0.258971,2.084,-0.598518],
  "indices" : [6,7,8,9,10,11,12,11,10,13,14,15,16,15,14,15,53,13,54,13,53,11,55,9,56,9,55,7,57,58,59,58,57,58,8,7],
  "Ni" : 1.00000,
  "Ka" : [1.00000,1.00000,1.00000],
  "d" : 1.00000,
  "Kd" : [0.53333,0.53333,0.53333],
  "illum" : 2,
  "Ks" : [0.16471,0.16471,0.16471],
  "Ns" : 96.07843
}