{
  "alias" : "Cap57_Cap57_Color_00",
  "vertices" : [1.566471,2.147,-0.906507,1.579471,2.147,-0.906507,1.569471,2.155,-0.909507,1.579471,2.147,-0.906507,1.566471,2.147,-0.906507,1.579471,2.143,-0.906507,1.566471,2.143,-0.906507,1.566471,2.143,-0.906507,1.579471,2.143,-0.906507,1.565471,2.143,-0.905507,1.580471,2.143,-0.905507,1.579471,2.143,-0.919507,1.580471,2.143,-0.920507,1.565471,2.143,-0.920507,1.566471,2.143,-0.919507,1.566471,2.143,-0.906507,1.566471,2.147,-0.906507,1.566471,2.143,-0.919507,1.566471,2.147,-0.919507,1.566471,2.147,-0.919507,1.579471,2.147,-0.919507,1.566471,2.143,-0.919507,1.579471,2.147,-0.919507,1.566471,2.147,-0.919507,1.576471,2.155,-0.916507,1.569471,2.155,-0.916507,1.572971,2.158,-0.913007,1.576471,2.155,-0.916507,1.569471,2.155,-0.916507,1.576471,2.155,-0.909507,1.576471,2.155,-0.916507,1.572971,2.158,-0.913007,1.576471,2.155,-0.916507,1.576471,2.155,-0.909507,1.579471,2.147,-0.919507,1.579471,2.147,-0.906507,1.579471,2.147,-0.906507,1.579471,2.143,-0.906507,1.579471,2.147,-0.919507,1.579471,2.143,-0.919507,1.579471,2.143,-0.919507,1.576471,2.155,-0.909507,1.576471,2.155,-0.909507,1.572971,2.158,-0.913007,1.569471,2.155,-0.909507,1.572971,2.158,-0.913007,1.569471,2.155,-0.916507,1.569471,2.155,-0.909507,1.569471,2.155,-0.916507,1.566471,2.147,-0.919507,1.569471,2.155,-0.909507,1.566471,2.147,-0.906507],
  "indices" : [7,8,9,9,8,10,11,10,8,10,11,12,13,12,11,14,13,11,7,13,14,13,7,9],
  "Ni" : 1.00000,
  "Ka" : [1.00000,1.00000,1.00000],
  "d" : 1.00000,
  "Kd" : [0.41387,0.41387,0.41387],
  "illum" : 2,
  "Ks" : [0.16471,0.16471,0.16471],
  "Ns" : 96.07843
}