{
  "alias" : "Cap_II5_Cap_II5__9",
  "vertices" : [1.019871,1.915,-0.07174,1.021871,1.915,-0.07374,1.019871,1.915,-0.11174,1.059871,1.915,-0.07174,1.019871,1.904,-0.07174,1.059871,1.915,-0.07174,1.019871,1.915,-0.07174,1.059871,1.904,-0.07174,1.019871,1.746,-0.07174,1.059871,1.746,-0.07174,1.059871,1.904,-0.07824,1.059871,1.915,-0.11174,1.059871,1.906,-0.08449,1.059871,1.904,-0.09074,1.059871,1.8675,-0.11174,1.059871,1.898,-0.09074,1.059871,1.898,-0.08924,1.059871,1.8675,-0.08924,1.059871,1.8675,-0.08924,1.059871,1.866,-0.11174,1.059871,1.8675,-0.11174,1.059871,1.866,-0.08924,1.059871,1.862,-0.11174,1.059871,1.862,-0.08924,1.059871,1.862,-0.11174,1.019871,1.866,-0.11174,1.059871,1.866,-0.11174,1.019871,1.862,-0.11174,1.019871,1.862,-0.08924,1.019871,1.866,-0.11174,1.019871,1.862,-0.11174,1.019871,1.866,-0.08924,1.019871,1.8675,-0.11174,1.019871,1.8675,-0.08924,1.019871,1.8675,-0.08924,1.019871,1.898,-0.09074,1.019871,1.8675,-0.11174,1.019871,1.898,-0.08924,1.019871,1.915,-0.11174,1.019871,1.904,-0.09074,1.019871,1.906,-0.08449,1.019871,1.904,-0.07824,1.059871,1.8675,-0.11174,1.059871,1.915,-0.11174,1.021871,1.915,-0.10974,1.059871,1.915,-0.11174,1.021871,1.915,-0.07374,1.021871,1.931,-0.10974,1.021871,1.915,-0.10974,1.021871,1.931,-0.07374,1.021871,1.915,-0.07374,1.057871,1.931,-0.07374,1.021871,1.931,-0.07374,1.057871,1.915,-0.07374,1.057871,1.915,-0.07374,1.057871,1.915,-0.10974,1.021871,1.931,-0.10974,1.057871,1.915,-0.10974,1.021871,1.915,-0.10974,1.057871,1.931,-0.10974,1.029871,1.951,-0.10174,1.057871,1.931,-0.10974,1.021871,1.931,-0.10974,1.049871,1.951,-0.10174,1.049871,1.951,-0.10174,1.029871,1.951,-0.10174,1.039871,1.957,-0.09174,1.039871,1.957,-0.09174,1.029871,1.951,-0.10174,1.029871,1.951,-0.08174,1.021871,1.931,-0.10974,1.029871,1.951,-0.08174,1.029871,1.951,-0.10174,1.021871,1.931,-0.07374,1.021871,1.931,-0.07374,1.049871,1.951,-0.08174,1.029871,1.951,-0.08174,1.057871,1.931,-0.07374,1.057871,1.931,-0.10974,1.049871,1.951,-0.08174,1.057871,1.931,-0.07374,1.049871,1.951,-0.10174,1.049871,1.951,-0.10174,1.039871,1.957,-0.09174,1.049871,1.951,-0.08174,1.049871,1.951,-0.08174,1.039871,1.957,-0.09174,1.029871,1.951,-0.08174,1.057871,1.931,-0.07374,1.057871,1.915,-0.10974,1.057871,1.931,-0.10974,1.057871,1.915,-0.07374,1.019871,1.8675,-0.11174,1.059871,1.8675,-0.11174],
  "indices" : [46,47,48,47,46,49,50,51,52,51,50,53,56,57,58,57,56,59,60,61,62,61,60,63,64,65,66,67,68,69,70,71,72,71,70,73,74,75,76,75,74,77,78,79,80,79,78,81,82,83,84,85,86,87,88,89,90,89,88,91],
  "Ni" : 1.00000,
  "Ka" : [1.00000,1.00000,1.00000],
  "d" : 1.00000,
  "Kd" : [0.77490,0.73412,0.59608],
  "illum" : 2,
  "Ks" : [0.16471,0.16471,0.16471],
  "Ns" : 96.07843
}