{
  "alias" : "Mesh396_Mesh396_Foregrou",
  "vertices" : [0.250471,1.862,-0.598404,0.250471,1.862,-0.598364,0.246471,1.862,-0.598364,0.246471,1.862,-0.598364,0.246471,1.862,-0.598404],
  "indices" : [0,1,2,0,3,4],
  "Ni" : 1.00000,
  "Ka" : [1.00000,1.00000,1.00000],
  "d" : 1.00000,
  "Kd" : [0.00000,0.00000,0.00000],
  "illum" : 2,
  "Ks" : [0.16471,0.16471,0.16471],
  "Ns" : 96.07843
}