{
  "alias" : "Arch12_Arch12__1",
  "vertices" : [0.868004,2.199,-0.97574,0.868004,2.188,-0.97674,0.868004,2.0895,-0.97574,0.868004,2.199,-0.99074,0.868004,2.19,-0.98299,0.868004,2.188,-0.98924,0.868004,2.182,-0.98924,0.868004,2.040483,-0.98924,0.868004,2.036,-0.98924,0.868004,1.904,-0.99074,0.868004,1.904,-0.98674,0.868004,2.036,-0.98674,0.868004,2.199,-0.99074,0.883004,1.904,-0.99074,0.868004,1.904,-0.99074,0.883004,2.199,-0.99074,0.883004,2.199,-0.99074,0.883004,2.036,-0.98924,0.883004,1.904,-0.99074,0.883004,2.040483,-0.98924,0.883004,2.182,-0.98924,0.883004,2.188,-0.98924,0.883004,2.19,-0.98299,0.883004,2.188,-0.97674,0.883004,2.199,-0.97574,0.883004,2.182,-0.97674,0.883004,2.0895,-0.97824,0.883004,2.0895,-0.97574,0.868004,2.199,-0.97574,0.883004,2.0895,-0.97574,0.883004,2.199,-0.97574,0.868004,2.0895,-0.97574,0.868004,2.0895,-0.97574,0.883004,2.088,-0.97574,0.883004,2.0895,-0.97574,0.868004,2.088,-0.97574,0.868004,2.0895,-0.97824,0.868004,2.088,-0.97574,0.868004,2.0895,-0.97574,0.868004,2.088,-0.97824,0.868004,2.084,-0.97574,0.868004,2.084,-0.97824,0.883004,2.084,-0.97574,0.868004,2.084,-0.97574,0.883004,2.084,-0.97824,0.883004,2.088,-0.97574,0.883004,2.084,-0.97574,0.883004,2.088,-0.97824,0.883004,2.0895,-0.97574,0.883004,2.0895,-0.97824,0.868004,2.182,-0.97674,0.868004,2.0895,-0.97824,0.868004,2.182,-0.97824,0.883004,2.182,-0.97824,0.883004,2.040483,-0.98774,0.883004,2.182,-0.98774,0.883004,2.036,-0.98674,0.883004,1.904,-0.98674,0.868004,2.040483,-0.98774,0.868004,2.182,-0.98774],
  "indices" : [0,1,2,1,0,3,1,3,4,4,3,5,5,3,6,6,3,7,7,3,8,9,8,3,10,8,9,8,10,11,12,13,14,13,12,15,16,17,18,16,19,17,16,20,19,16,21,20,16,22,21,16,23,22,23,16,24,24,25,23,24,26,25,26,24,27,28,29,30,29,28,31,2,50,51,50,2,1,51,50,52,25,26,53,20,54,19,54,20,55,56,18,17,18,56,57,58,6,7,6,58,59],
  "Ni" : 1.00000,
  "Ka" : [1.00000,1.00000,1.00000],
  "d" : 1.00000,
  "Kd" : [0.76407,0.72387,0.58780],
  "illum" : 2,
  "Ks" : [0.16471,0.16471,0.16471],
  "Ns" : 96.07843
}