{
  "alias" : "Arch15_Arch15_Color_03",
  "vertices" : [1.565471,2.0895,-0.648962,1.566471,2.188,-0.648962,1.565471,2.199,-0.648962,1.566471,2.182,-0.648962,1.567971,2.0895,-0.648962,1.567971,2.182,-0.648962,1.565471,2.0895,-0.648962,1.565471,2.088,-0.648962,1.567971,2.0895,-0.648962,1.565471,2.088,-0.648962,1.565471,2.0895,-0.648962,1.565471,2.088,-0.663962,1.565471,2.0895,-0.663962,1.565471,2.088,-0.663962,1.565471,2.0895,-0.663962,1.567971,2.088,-0.663962,1.567971,2.0895,-0.663962,1.565471,2.0895,-0.663962,1.565471,2.199,-0.663962,1.567971,2.0895,-0.663962,1.565471,2.199,-0.663962,1.565471,2.0895,-0.663962,1.565471,2.199,-0.648962,1.565471,2.0895,-0.648962,1.566471,2.182,-0.663962,1.567971,2.182,-0.663962,1.566471,2.188,-0.663962,1.580471,2.199,-0.663962,1.572721,2.19,-0.663962,1.578971,2.188,-0.663962,1.578971,2.182,-0.663962,1.578971,2.040483,-0.663962,1.577471,2.040483,-0.663962,1.577471,2.182,-0.663962,1.578971,2.036,-0.663962,1.580471,1.904,-0.663962,1.576471,2.036,-0.663962,1.576471,1.904,-0.663962,1.580471,2.199,-0.663962,1.580471,2.199,-0.648962,1.580471,1.904,-0.663962,1.580471,1.904,-0.648962,1.580471,2.199,-0.648962,1.578971,2.036,-0.648962,1.580471,1.904,-0.648962,1.578971,2.040483,-0.648962,1.578971,2.182,-0.648962,1.578971,2.188,-0.648962,1.572721,2.19,-0.648962,1.577471,2.040483,-0.648962,1.577471,2.182,-0.648962,1.576471,1.904,-0.648962,1.576471,2.036,-0.648962,1.567971,2.084,-0.663962,1.565471,2.084,-0.663962,1.565471,2.084,-0.663962,1.565471,2.084,-0.648962,1.565471,2.084,-0.648962,1.567971,2.088,-0.648962,1.567971,2.084,-0.648962],
  "indices" : [6,7,8,9,10,11,12,11,10,13,14,15,16,15,14,15,53,13,54,13,53,11,55,9,56,9,55,7,57,58,59,58,57,58,8,7],
  "Ni" : 1.00000,
  "Ka" : [1.00000,1.00000,1.00000],
  "d" : 1.00000,
  "Kd" : [0.53333,0.53333,0.53333],
  "illum" : 2,
  "Ks" : [0.16471,0.16471,0.16471],
  "Ns" : 96.07843
}