{
  "alias" : "Cap5_Cap5_Color_00",
  "vertices" : [1.746471,1.919,-0.363184,1.759471,1.919,-0.363184,1.749471,1.927,-0.366185,1.759471,1.919,-0.363184,1.746471,1.919,-0.363184,1.759471,1.915,-0.363184,1.746471,1.915,-0.363184,1.746471,1.915,-0.363184,1.759471,1.915,-0.363184,1.745471,1.915,-0.362184,1.760471,1.915,-0.362184,1.759471,1.915,-0.376184,1.760471,1.915,-0.377185,1.745471,1.915,-0.377185,1.746471,1.915,-0.376184,1.746471,1.915,-0.363184,1.746471,1.919,-0.363184,1.746471,1.915,-0.376184,1.746471,1.919,-0.376184,1.746471,1.919,-0.376184,1.759471,1.919,-0.376184,1.746471,1.915,-0.376184,1.759471,1.919,-0.376184,1.746471,1.919,-0.376184,1.756471,1.927,-0.373185,1.749471,1.927,-0.373185,1.752971,1.93,-0.369684,1.756471,1.927,-0.373185,1.749471,1.927,-0.373185,1.756471,1.927,-0.366185,1.756471,1.927,-0.373185,1.752971,1.93,-0.369684,1.756471,1.927,-0.373185,1.756471,1.927,-0.366185,1.759471,1.919,-0.376184,1.759471,1.919,-0.363184,1.759471,1.919,-0.363184,1.759471,1.915,-0.363184,1.759471,1.919,-0.376184,1.759471,1.915,-0.376184,1.759471,1.915,-0.376184,1.756471,1.927,-0.366185,1.756471,1.927,-0.366185,1.752971,1.93,-0.369684,1.749471,1.927,-0.366185,1.752971,1.93,-0.369684,1.749471,1.927,-0.373185,1.749471,1.927,-0.366185,1.749471,1.927,-0.373185,1.746471,1.919,-0.376184,1.749471,1.927,-0.366185,1.746471,1.919,-0.363184],
  "indices" : [7,8,9,9,8,10,11,10,8,10,11,12,13,12,11,14,13,11,7,13,14,13,7,9],
  "Ni" : 1.00000,
  "Ka" : [1.00000,1.00000,1.00000],
  "d" : 1.00000,
  "Kd" : [0.41387,0.41387,0.41387],
  "illum" : 2,
  "Ks" : [0.16471,0.16471,0.16471],
  "Ns" : 96.07843
}