{
  "alias" : "Cap_II2_Cap_II2__1",
  "vertices" : [1.725471,1.915,-0.533073,1.763471,1.915,-0.531073,1.765471,1.915,-0.533073,1.727471,1.915,-0.531073,1.725471,1.915,-0.493073,1.727471,1.915,-0.495073,1.727471,1.915,-0.531073,1.727471,1.915,-0.495073,1.727471,1.931,-0.531073,1.727471,1.931,-0.495073,1.727471,1.931,-0.531073,1.727471,1.931,-0.495073,1.735471,1.951,-0.523073,1.735471,1.951,-0.503073,1.745471,1.957,-0.513073,1.735471,1.951,-0.523073,1.735471,1.951,-0.503073,1.755471,1.951,-0.523073,1.735471,1.951,-0.523073,1.745471,1.957,-0.513073,1.735471,1.951,-0.523073,1.755471,1.951,-0.523073,1.727471,1.931,-0.531073,1.763471,1.931,-0.531073,1.763471,1.931,-0.531073,1.763471,1.915,-0.531073,1.727471,1.931,-0.531073,1.763471,1.931,-0.531073,1.763471,1.931,-0.495073,1.763471,1.915,-0.531073,1.763471,1.931,-0.495073,1.763471,1.931,-0.531073,1.755471,1.951,-0.503073,1.755471,1.951,-0.523073,1.755471,1.951,-0.523073,1.745471,1.957,-0.513073,1.755471,1.951,-0.503073,1.755471,1.951,-0.503073,1.745471,1.957,-0.513073,1.735471,1.951,-0.503073,1.735471,1.951,-0.503073,1.727471,1.931,-0.495073,1.755471,1.951,-0.503073,1.763471,1.931,-0.495073,1.727471,1.931,-0.495073,1.727471,1.915,-0.495073,1.763471,1.931,-0.495073,1.763471,1.915,-0.495073,1.763471,1.915,-0.495073,1.763471,1.915,-0.495073,1.765471,1.915,-0.493073,1.725471,1.915,-0.493073,1.758971,1.904,-0.493073,1.765471,1.915,-0.493073,1.752721,1.906,-0.493073,1.746471,1.904,-0.493073,1.725471,1.8675,-0.493073,1.746471,1.898,-0.493073,1.747971,1.898,-0.493073,1.747971,1.8675,-0.493073,1.725471,1.8675,-0.493073,1.725471,1.866,-0.493073,1.747971,1.8675,-0.493073,1.725471,1.8675,-0.493073,1.725471,1.8675,-0.533073,1.725471,1.866,-0.493073,1.725471,1.8675,-0.533073,1.725471,1.8675,-0.493073,1.725471,1.915,-0.533073,1.725471,1.915,-0.493073,1.746471,1.898,-0.533073,1.746471,1.904,-0.533073,1.752721,1.906,-0.533073,1.758971,1.904,-0.533073,1.765471,1.904,-0.533073,1.765471,1.915,-0.533073,1.765471,1.904,-0.493073,1.765471,1.746,-0.533073,1.765471,1.746,-0.493073,1.747971,1.8675,-0.533073,1.747971,1.898,-0.533073,1.747971,1.8675,-0.533073,1.747971,1.866,-0.533073,1.725471,1.8675,-0.533073,1.725471,1.866,-0.533073,1.725471,1.866,-0.533073,1.725471,1.862,-0.493073,1.725471,1.862,-0.533073,1.725471,1.862,-0.533073,1.747971,1.862,-0.533073,1.725471,1.862,-0.493073,1.747971,1.866,-0.493073,1.747971,1.862,-0.493073,1.727471,1.915,-0.531073],
  "indices" : [0,1,2,1,0,3,0,4,3,5,3,4,49,50,1,5,50,49,50,5,4,51,52,53,54,52,51,55,54,51,56,55,51,55,56,57,57,56,58,59,58,56,66,67,68,69,68,67,68,70,66,70,68,71,71,68,72,72,68,73,73,68,74,75,74,68,75,53,74,50,2,1,53,76,74,76,53,52,74,76,77,78,77,76,66,70,79,80,79,70],
  "Ni" : 1.00000,
  "Ka" : [1.00000,1.00000,1.00000],
  "d" : 1.00000,
  "Kd" : [0.76407,0.72387,0.58780],
  "illum" : 2,
  "Ks" : [0.16471,0.16471,0.16471],
  "Ns" : 96.07843
}