{
  "alias" : "DoorKnob5_DoorKnob5__7",
  "vertices" : [1.11008,0.034181,-0.12699,1.109376,0.033356,-0.12699,1.109874,0.035246,-0.12699,1.11008,0.034181,-0.12699,1.11008,0.034181,-0.12579,1.109376,0.033356,-0.12699,1.11008,0.034181,-0.12579,1.11008,0.034181,-0.12699,1.109874,0.035246,-0.12579,1.109874,0.035246,-0.12699,1.109874,0.035246,-0.12699,1.108913,0.035749,-0.12699,1.109874,0.035246,-0.12579,1.108913,0.035749,-0.12699,1.109206,0.034749,-0.12699,1.109275,0.034394,-0.12699,1.10904,0.034118,-0.12699,1.108291,0.033393,-0.12699,1.108677,0.03413,-0.12699,1.10904,0.034118,-0.12699,1.108677,0.03413,-0.12699,1.10904,0.034118,-0.12749,1.108677,0.03413,-0.12749,1.108677,0.03413,-0.12749,1.108677,0.03413,-0.12699,1.108461,0.034421,-0.12749,1.108461,0.034421,-0.12699,1.108461,0.034421,-0.12749,1.108461,0.034421,-0.12699,1.108554,0.034771,-0.12749,1.108554,0.034771,-0.12699,1.108554,0.034771,-0.12699,1.108885,0.034917,-0.12699,1.108554,0.034771,-0.12749,1.108554,0.034771,-0.12699,1.10792,0.035312,-0.12699,1.108885,0.034917,-0.12699,1.108461,0.034421,-0.12699,1.107644,0.034263,-0.12699,1.107644,0.034263,-0.12699,1.107644,0.034263,-0.12579,1.10792,0.035312,-0.12699,1.107644,0.034263,-0.12579,1.107644,0.034263,-0.12699,1.108291,0.033393,-0.12579,1.108291,0.033393,-0.12699,1.108291,0.033393,-0.12699,1.109376,0.033356,-0.12699,1.108291,0.033393,-0.12579,1.109376,0.033356,-0.12579,1.108291,0.033393,-0.12579,1.109376,0.033356,-0.12579,1.108913,0.035749,-0.12579,1.109874,0.035246,-0.12579,1.11008,0.034181,-0.12579,1.109376,0.033356,-0.12579,1.108913,0.035749,-0.12579,1.108913,0.035749,-0.12699,1.10792,0.035312,-0.12699,1.108913,0.035749,-0.12579,1.108885,0.034917,-0.12699,1.109206,0.034749,-0.12699,1.108885,0.034917,-0.12749,1.109206,0.034749,-0.12749,1.109206,0.034749,-0.12749,1.109206,0.034749,-0.12699,1.109275,0.034394,-0.12749,1.109275,0.034394,-0.12699,1.109275,0.034394,-0.12749,1.109275,0.034394,-0.12699,1.10904,0.034118,-0.12749,1.10904,0.034118,-0.12699,1.108885,0.034917,-0.12749,1.10792,0.035312,-0.12579,1.10792,0.035312,-0.12579,1.107644,0.034263,-0.12579,1.10792,0.035312,-0.12579],
  "indices" : [0,1,2,3,4,5,6,7,8,9,8,7,10,11,12,13,2,14,14,2,15,15,2,1,15,1,16,17,16,1,18,16,17,19,20,21,22,21,20,23,24,25,26,25,24,27,28,29,30,29,28,31,32,33,34,35,36,37,35,34,17,35,37,38,35,17,39,40,41,42,43,44,45,44,43,46,47,48,49,48,47,50,51,52,52,51,53,54,53,51,55,5,4,56,12,11,57,58,59,35,13,36,36,13,14,60,61,62,63,62,61,64,65,66,67,66,65,68,69,70,71,70,69,72,33,32,73,59,58,74,50,52,75,50,74,76,41,40,37,18,17],
  "Ni" : 1.00000,
  "Ka" : [1.00000,1.00000,1.00000],
  "d" : 1.00000,
  "Kd" : [0.43922,0.40784,0.20078],
  "illum" : 2,
  "Ks" : [0.16471,0.16471,0.16471],
  "Ns" : 96.07843
}