{
  "alias" : "Cap2_Cap2_Color_00",
  "vertices" : [0.080471,1.919,-0.376184,0.067471,1.919,-0.376184,0.077471,1.927,-0.373185,0.067471,1.919,-0.376184,0.080471,1.919,-0.376184,0.067471,1.915,-0.376184,0.080471,1.915,-0.376184,0.080471,1.915,-0.376184,0.067471,1.915,-0.376184,0.081471,1.915,-0.377185,0.066471,1.915,-0.377185,0.067471,1.915,-0.363184,0.066471,1.915,-0.362184,0.081471,1.915,-0.362184,0.080471,1.915,-0.363184,0.080471,1.915,-0.376184,0.080471,1.919,-0.376184,0.080471,1.915,-0.363184,0.080471,1.919,-0.363184,0.080471,1.919,-0.363184,0.067471,1.919,-0.363184,0.080471,1.915,-0.363184,0.067471,1.919,-0.363184,0.080471,1.919,-0.363184,0.070471,1.927,-0.366185,0.077471,1.927,-0.366185,0.073971,1.93,-0.369684,0.070471,1.927,-0.366185,0.077471,1.927,-0.366185,0.070471,1.927,-0.373185,0.070471,1.927,-0.366185,0.073971,1.93,-0.369684,0.070471,1.927,-0.366185,0.070471,1.927,-0.373185,0.067471,1.919,-0.363184,0.067471,1.919,-0.376184,0.067471,1.919,-0.376184,0.067471,1.915,-0.376184,0.067471,1.919,-0.363184,0.067471,1.915,-0.363184,0.067471,1.915,-0.363184,0.070471,1.927,-0.373185,0.070471,1.927,-0.373185,0.073971,1.93,-0.369684,0.077471,1.927,-0.373185,0.073971,1.93,-0.369684,0.077471,1.927,-0.366185,0.077471,1.927,-0.373185,0.077471,1.927,-0.366185,0.080471,1.919,-0.363184,0.077471,1.927,-0.373185,0.080471,1.919,-0.376184],
  "indices" : [7,8,9,9,8,10,11,10,8,10,11,12,13,12,11,14,13,11,7,13,14,13,7,9],
  "Ni" : 1.00000,
  "Ka" : [1.00000,1.00000,1.00000],
  "d" : 1.00000,
  "Kd" : [0.41387,0.41387,0.41387],
  "illum" : 2,
  "Ks" : [0.16471,0.16471,0.16471],
  "Ns" : 96.07843
}