{
  "alias" : "Mesh72_Mesh72__1",
  "vertices" : [1.312671,1.146,-0.07174,1.272671,0.996,-0.07174,1.312671,0.996,-0.07174,1.272671,1.146,-0.07174],
  "indices" : [0,1,2,1,0,3],
  "Ni" : 1.00000,
  "Ka" : [1.00000,1.00000,1.00000],
  "d" : 1.00000,
  "Kd" : [0.76407,0.72387,0.58780],
  "illum" : 2,
  "Ks" : [0.16471,0.16471,0.16471],
  "Ns" : 96.07843
}