{
  "alias" : "Mesh203_Mesh203_Foregrou",
  "vertices" : [1.294491,1.833,-1.08024,1.294451,1.833,-1.08024,1.294451,1.833,-1.08424,1.294451,1.833,-1.08424,1.294491,1.833,-1.08424,1.294471,1.833,-1.08023,1.294471,1.833,-1.08025,1.296471,1.833,-1.08025,1.296471,1.833,-1.08025,1.296471,1.833,-1.08023],
  "indices" : [0,1,2,0,3,4,5,6,7,8,9,5],
  "Ni" : 1.00000,
  "Ka" : [1.00000,1.00000,1.00000],
  "d" : 1.00000,
  "Kd" : [0.00000,0.00000,0.00000],
  "illum" : 2,
  "Ks" : [0.16471,0.16471,0.16471],
  "Ns" : 96.07843
}