{
  "alias" : "DoorKnob13_DoorKnob13__7",
  "vertices" : [0.156721,0.034181,-0.967531,0.156721,0.033356,-0.968236,0.156721,0.035246,-0.967737,0.156721,0.034181,-0.967531,0.155521,0.034181,-0.967531,0.156721,0.033356,-0.968236,0.155521,0.034181,-0.967531,0.156721,0.034181,-0.967531,0.155521,0.035246,-0.967737,0.156721,0.035246,-0.967737,0.156721,0.035246,-0.967737,0.156721,0.035749,-0.968698,0.155521,0.035246,-0.967737,0.156721,0.035749,-0.968698,0.156721,0.034749,-0.968405,0.156721,0.034394,-0.968336,0.156721,0.034118,-0.968572,0.156721,0.033393,-0.96932,0.156721,0.03413,-0.968934,0.156721,0.034118,-0.968572,0.156721,0.03413,-0.968934,0.157221,0.034118,-0.968572,0.157221,0.03413,-0.968934,0.157221,0.03413,-0.968934,0.156721,0.03413,-0.968934,0.157221,0.034421,-0.96915,0.156721,0.034421,-0.96915,0.157221,0.034421,-0.96915,0.156721,0.034421,-0.96915,0.157221,0.034771,-0.969058,0.156721,0.034771,-0.969058,0.156721,0.034771,-0.969058,0.156721,0.034917,-0.968726,0.157221,0.034771,-0.969058,0.156721,0.034771,-0.969058,0.156721,0.035312,-0.969691,0.156721,0.034917,-0.968726,0.156721,0.034421,-0.96915,0.156721,0.034263,-0.969967,0.156721,0.034263,-0.969967,0.155521,0.034263,-0.969967,0.156721,0.035312,-0.969691,0.155521,0.034263,-0.969967,0.156721,0.034263,-0.969967,0.155521,0.033393,-0.96932,0.156721,0.033393,-0.96932,0.156721,0.033393,-0.96932,0.156721,0.033356,-0.968236,0.155521,0.033393,-0.96932,0.155521,0.033356,-0.968236,0.155521,0.033393,-0.96932,0.155521,0.033356,-0.968236,0.155521,0.035749,-0.968698,0.155521,0.035246,-0.967737,0.155521,0.034181,-0.967531,0.155521,0.033356,-0.968236,0.155521,0.035749,-0.968698,0.156721,0.035749,-0.968698,0.156721,0.035312,-0.969691,0.155521,0.035749,-0.968698,0.156721,0.034917,-0.968726,0.156721,0.034749,-0.968405,0.157221,0.034917,-0.968726,0.157221,0.034749,-0.968405,0.157221,0.034749,-0.968405,0.156721,0.034749,-0.968405,0.157221,0.034394,-0.968336,0.156721,0.034394,-0.968336,0.157221,0.034394,-0.968336,0.156721,0.034394,-0.968336,0.157221,0.034118,-0.968572,0.156721,0.034118,-0.968572,0.157221,0.034917,-0.968726,0.155521,0.035312,-0.969691,0.155521,0.035312,-0.969691,0.155521,0.034263,-0.969967,0.155521,0.035312,-0.969691],
  "indices" : [0,1,2,3,4,5,6,7,8,9,8,7,10,11,12,13,2,14,14,2,15,15,2,1,15,1,16,17,16,1,18,16,17,19,20,21,22,21,20,23,24,25,26,25,24,27,28,29,30,29,28,31,32,33,34,35,36,37,35,34,17,35,37,38,35,17,39,40,41,42,43,44,45,44,43,46,47,48,49,48,47,50,51,52,52,51,53,54,53,51,55,5,4,56,12,11,57,58,59,35,13,36,36,13,14,60,61,62,63,62,61,64,65,66,67,66,65,68,69,70,71,70,69,72,33,32,73,59,58,74,50,52,75,50,74,76,41,40,37,18,17],
  "Ni" : 1.00000,
  "Ka" : [1.00000,1.00000,1.00000],
  "d" : 1.00000,
  "Kd" : [0.43922,0.40784,0.20078],
  "illum" : 2,
  "Ks" : [0.16471,0.16471,0.16471],
  "Ns" : 96.07843
}