{
  "alias" : "Mesh332_Mesh332_Color_06",
  "vertices" : [0.643471,2.252,-0.94574,0.643471,2.250087,-0.94574,0.645889,2.252,-0.94574,0.707428,2.1995,-0.94574,0.709846,2.201413,-0.94574,0.709846,2.197587,-0.94574,0.645889,2.147,-0.94574,0.643471,2.147,-0.94574,0.643471,2.148913,-0.94574,0.773803,2.252,-0.94574,0.712264,2.1995,-0.94574,0.776221,2.250087,-0.94574,0.776221,2.252,-0.94574,0.773803,2.147,-0.94574,0.776221,2.148913,-0.94574,0.776221,2.147,-0.94574],
  "indices" : [0,1,2,3,2,1,4,2,3,4,3,5,5,3,6,6,3,7,8,7,3,9,4,5,10,9,5,11,9,10,12,9,11,5,13,10,14,10,13,15,14,13],
  "Ni" : 1.00000,
  "Ka" : [1.00000,1.00000,1.00000],
  "d" : 1.00000,
  "Kd" : [0.44549,0.44549,0.44549],
  "illum" : 2,
  "Ks" : [0.16471,0.16471,0.16471],
  "Ns" : 96.07843
}