{
  "alias" : "DoorKnob22_DoorKnob22_Color_02",
  "vertices" : [0.694638,0.277181,-1.117531,0.694638,0.276356,-1.118236,0.694638,0.278246,-1.117737,0.694638,0.277181,-1.117531,0.693438,0.277181,-1.117531,0.694638,0.276356,-1.118236,0.693438,0.277181,-1.117531,0.694638,0.277181,-1.117531,0.693438,0.278246,-1.117737,0.694638,0.278246,-1.117737,0.694638,0.278246,-1.117737,0.694638,0.278749,-1.118698,0.693438,0.278246,-1.117737,0.694638,0.278749,-1.118698,0.694638,0.277749,-1.118405,0.694638,0.277394,-1.118336,0.694638,0.277118,-1.118572,0.694638,0.276393,-1.11932,0.694638,0.27713,-1.118934,0.694638,0.277118,-1.118572,0.694638,0.27713,-1.118934,0.695138,0.277118,-1.118572,0.695138,0.27713,-1.118934,0.695138,0.27713,-1.118934,0.694638,0.27713,-1.118934,0.695138,0.277421,-1.11915,0.694638,0.277421,-1.11915,0.695138,0.277421,-1.11915,0.694638,0.277421,-1.11915,0.695138,0.277771,-1.119058,0.694638,0.277771,-1.119058,0.694638,0.277771,-1.119058,0.694638,0.277917,-1.118726,0.695138,0.277771,-1.119058,0.694638,0.277771,-1.119058,0.694638,0.278312,-1.119691,0.694638,0.277917,-1.118726,0.694638,0.277421,-1.11915,0.694638,0.277263,-1.119967,0.694638,0.277263,-1.119967,0.693438,0.277263,-1.119967,0.694638,0.278312,-1.119691,0.693438,0.277263,-1.119967,0.694638,0.277263,-1.119967,0.693438,0.276393,-1.11932,0.694638,0.276393,-1.11932,0.694638,0.276393,-1.11932,0.694638,0.276356,-1.118236,0.693438,0.276393,-1.11932,0.693438,0.276356,-1.118236,0.693438,0.276393,-1.11932,0.693438,0.276356,-1.118236,0.693438,0.278749,-1.118698,0.693438,0.278246,-1.117737,0.693438,0.277181,-1.117531,0.693438,0.276356,-1.118236,0.693438,0.278749,-1.118698,0.694638,0.278749,-1.118698,0.694638,0.278312,-1.119691,0.693438,0.278749,-1.118698,0.694638,0.277917,-1.118726,0.694638,0.277749,-1.118405,0.695138,0.277917,-1.118726,0.695138,0.277749,-1.118405,0.695138,0.277749,-1.118405,0.694638,0.277749,-1.118405,0.695138,0.277394,-1.118336,0.694638,0.277394,-1.118336,0.695138,0.277394,-1.118336,0.694638,0.277394,-1.118336,0.695138,0.277118,-1.118572,0.694638,0.277118,-1.118572,0.695138,0.277917,-1.118726,0.693438,0.278312,-1.119691,0.693438,0.278312,-1.119691,0.693438,0.277263,-1.119967,0.693438,0.278312,-1.119691],
  "indices" : [0,1,2,3,4,5,6,7,8,9,8,7,10,11,12,13,2,14,14,2,15,15,2,1,15,1,16,17,16,1,18,16,17,19,20,21,22,21,20,23,24,25,26,25,24,27,28,29,30,29,28,31,32,33,34,35,36,37,35,34,17,35,37,38,35,17,39,40,41,42,43,44,45,44,43,46,47,48,49,48,47,50,51,52,52,51,53,54,53,51,55,5,4,56,12,11,57,58,59,35,13,36,36,13,14,60,61,62,63,62,61,64,65,66,67,66,65,68,69,70,71,70,69,72,33,32,73,59,58,74,50,52,75,50,74,76,41,40,37,18,17],
  "Ni" : 1.00000,
  "Ka" : [1.00000,1.00000,1.00000],
  "d" : 1.00000,
  "Kd" : [0.09412,0.09412,0.09412],
  "illum" : 2,
  "Ks" : [0.16471,0.16471,0.16471],
  "Ns" : 96.07843
}